relation_id,sentence_id,description,is_true,words,p1_start,p1_length,p2_start,p2_length,p2_length,features,weights
NYT_ENG_20080420.0164.LDC2009T13_590_41-NYT_ENG_20080420.0164.LDC2009T13_590_30,NYT_ENG_20080420.0164.LDC2009T13_590,Mario Andretti-Michael Andretti,f,"{A,year,ago,"","",in,search,of,a,stronger,team,"","",Patrick,jumped,from,the,IndyCar,Series,team,co-owned,by,the,talk-show,host,David,Letterman,to,the,team,co-owned,by,Michael,Andretti,"","",the,former,racer,who,is,the,son,of,Mario,Andretti,.}",41,2,30,2,2,"{INV_KW_IND_[non_married],INV_NGRAM_1_[son],""INV_NGRAM_2_[son of]"",""INV_NGRAM_1_[,]"",INV_LEMMA_L_1_R_1_[by]_[.],""INV_NER_L_3_R_1_[O O O]_[O]""}","{-2.56873,-1.94523,-1.7155,-1.42472,-1.28552,1.17156}"
AFP_ENG_20070904.0570.LDC2009T13_105_15-AFP_ENG_20070904.0570.LDC2009T13_105_23,AFP_ENG_20070904.0570.LDC2009T13_105,Jiang Mianheng-Jiang Zemin,f,"{The,source,told,the,newspaper,that,Shanghai,Alliance,Investment,"","",which,is,reportedly,run,by,Jiang,Mianheng,"","",a,son,of,former,President,Jiang,Zemin,"","",wanted,to,end,the,partnership,because,the,venture,'s,business,model,has,``,always,been,unclear,.,''}",15,2,23,2,2,"{""BETW_D_[appos DICT_non_married prep_of]"",KW_IND_[non_married],STARTS_WITH_CAPITAL_[True_True],""NGRAM_2_[son of]"",NER_L_1_R_1_[O]_[O],NGRAM_1_[son]}","{-3.08534,-2.20027,-2.15061,-2.12192,2.03006,-1.99866}"
64529@80_60-64529@80_41,64529@80,Robert Ford-Jesse James,f,"{--,``,The,Assassination,of,Jesse,James,by,the,Coward,Robert,Ford,'',Director,:,Andrew,Dominik,Stars,:,Brad,Pitt,"","",Casey,Affleck,"","",Sam,Rockwell,"","",Sam,Shepard,"","",Mary,-,Louise,Parker,Why,see,it,:,Frank,and,Jesse,James,are,at,the,height,of,their,legendary,status,and,coming,to,the,end,of,their,run,when,Robert,Ford,begs,to,join,the,gang,.}",60,2,41,2,2,"{""INV_NER_L_3_R_2_[O O O]_[O O]"",INV_NGRAM_1_[they],""INV_NER_L_3_R_1_[O O O]_[O]"",INV_STARTS_WITH_CAPITAL_[True_True],""INV_NER_L_1_R_2_[O]_[O O]"",INV_NGRAM_1_[and]}","{-1.22689,-1.21173,1.17156,-1.149,0.995178,-0.963997}"
LTW_ENG_20080826.0125.LDC2009T13_19_46-LTW_ENG_20080826.0125.LDC2009T13_19_3,LTW_ENG_20080826.0125.LDC2009T13_19,Jackie Robinson-Barack Obama,f,"{What,Democratic,candidate,Barack,Obama,needs,"","",says,Rep.,Jesse,Jackson,Jr.,"","",D-Ill.,"","",is,for,former,President,Bill,Clinton,and,Sen.,Hillary,Rodham,Clinton,"","",D-N.Y.,"","",to,provide,a,``,Pee,Wee,Reese,moment,"","",'',referring,to,the,white,ballplayer,who,embraced,Jackie,Robinson,when,white,baseball,fans,rained,abuse,on,the,pioneering,black,Dodger,.}",46,2,3,2,2,"{""INV_NGRAM_2_[former President]"",""INV_NGRAM_1_[,]"",""INV_NGRAM_2_[, say]"",""INV_NGRAM_3_[former President Bill]"",INV_NGRAM_1_[Clinton],INV_STARTS_WITH_CAPITAL_[True_True]}","{2.1437,-1.42472,-1.23404,-1.22488,-1.22305,-1.149}"
AFP_ENG_20080208.0609.LDC2009T13_126_23-AFP_ENG_20080208.0609.LDC2009T13_126_17,AFP_ENG_20080208.0609.LDC2009T13_126,John McCain-Barack Obama,f,"{--,California,Governor,Arnold,Schwarzenegger,"","",speaking,about,his,wife,Maria,Shriver,"","",a,Kennedy,who,supports,Barack,Obama,while,he,supports,Republican,John,McCain,.}",23,2,17,2,2,"{INV_NGRAM_1_[while],""INV_NER_L_3_R_1_[O O O]_[O]"",INV_STARTS_WITH_CAPITAL_[True_True],IS_INVERTED,INV_NGRAM_1_[he],INV_NER_L_1_R_1_[O]_[O]}","{-1.35471,1.17156,-1.149,0.57978,0.455299,-0.336726}"
APW_ENG_20080206.1220.LDC2009T13_424_7-APW_ENG_20080206.1220.LDC2009T13_424_25,APW_ENG_20080206.1220.LDC2009T13_424,Tracy-Bobby Rahal,f,"{The,driver,lineup,is,expected,to,include,Tracy,"","",a,Canadian,"","",19,-,year-old,American,Graham,Rahal,"","",the,son,of,longtime,racing,star,Bobby,Rahal,"","",and,a,United,Nations,of,returning,stars,such,as,Will,Power,of,Australia,"","",Justin,Wilson,of,England,"","",Robert,Doornbos,of,the,Netherlands,"","",Bruno,Junqueira,of,Brazil,"","",Oriol,Servia,of,Spain,and,Simon,Pagenaud,of,France,.}",7,1,25,2,2,"{KW_IND_[non_married],STARTS_WITH_CAPITAL_[True_True],""NGRAM_2_[son of]"",NER_L_1_R_1_[O]_[O],NGRAM_1_[son],""NGRAM_1_[,]""}","{-2.20027,-2.15061,-2.12192,2.03006,-1.99866,-1.35882}"
eng-WL-11-174596-12952989_796_9-eng-WL-11-174596-12952989_796_0,eng-WL-11-174596-12952989_796,Malcolm X-Malaak Shabazz,f,"{Malaak,Shabazz,"","",the,daughter,of,black,rights,activist,Malcolm,X,"","",had,no,such,qualms,.}",9,2,0,2,2,"{INV_KW_IND_[non_married],""INV_NGRAM_1_[,]"",INV_NGRAM_1_[black],""INV_NER_L_3_R_2_[O O O]_[O O]"",""INV_NER_L_3_R_1_[O O O]_[O]"",INV_NGRAM_1_[daughter]}","{-2.56873,-1.42472,1.28032,-1.22689,1.17156,-1.15946}"
73573@28_11-73573@28_14,73573@28,Britney Spears-Jessica Simpson,f,"{She,started,her,career,at,YM,magazine,dressing,the,likes,of,Britney,Spears,and,Jessica,Simpson,before,moving,with,her,husband,to,Hollywood,.}",11,2,14,2,2,"{STARTS_WITH_CAPITAL_[True_True],NER_L_1_R_1_[O]_[O],LEMMA_SEQ_[and],POS_SEQ_[CC],""KW_D_[prep_of likes dobj dress prepc_before move prep_with]_[conj_and Spears prep_of likes dobj dress prepc_before move prep_with]"",""LEMMA_L_3_R_1_[the likes of]_[before]""}","{-2.15061,2.03006,1.56175,0.724491,-0.578402,-0.578402}"
eng-NG-31-105387-11952328_439_15-eng-NG-31-105387-11952328_439_11,eng-NG-31-105387-11952328_439,Caleb-Emma,f,"{List,of,people,who,DEFINITELY,should,be,coming,:,Tony,"","",Emma,"","",Me,"","",Caleb,"","",David,"","",Drew,"","",Hope,"","",Guy,"","",Nathan,"","",Stefan,"","",and,all,your,ultimate,friends,.}",15,1,11,1,1,"{""INV_NGRAM_1_[,]"",INV_STARTS_WITH_CAPITAL_[True_True],""INV_BETW_L_[dep dep]"",""INV_NER_SEQ_[O O O]"",""INV_NER_L_3_R_1_[O PERSON O]_[O]"",""INV_NER_L_3_R_3_[O PERSON O]_[O PERSON O]""}","{-1.42472,-1.149,1.0885,0.827747,-0.808152,-0.772111}"
132186@31_12-132186@31_45,132186@31,Michelle Obama-Craig Robinson,f,"{The,Robinson,children,learned,an,ethic,of,hard,work,"","",especially,from,Michelle,Obama,'s,father,"","",who,was,diagnosed,at,age,30,with,multiple,sclerosis,and,continued,working,as,a,pump,operator,for,the,Chicago,water,department,"","",said,Michelle,Obama,'s,brother,"","",Craig,Robinson,"","",46,.}",12,2,45,2,2,"{KW_IND_[non_married],STARTS_WITH_CAPITAL_[True_True],NER_L_1_R_1_[O]_[O],NGRAM_1_[brother],""NGRAM_2_[, say]"",NGRAM_1_[father]}","{-2.20027,-2.15061,2.03006,-1.83191,-1.79013,-1.52368}"
APW_ENG_20070816.1525.LDC2009T13_593_41-APW_ENG_20070816.1525.LDC2009T13_593_16,APW_ENG_20070816.1525.LDC2009T13_593,Hillary Rodham Clinton-Nicole Boxer,f,"{The,Rose,Garden,was,crammed,with,250,chairs,and,a,white,canopy,for,the,wedding,of,Nicole,Boxer,"","",daughter,of,Senator,Barbara,Boxer,"","",a,Democrat,from,California,"","",and,Tony,Rodham,"","",the,younger,brother,of,then,first,lady,Hillary,Rodham,Clinton,"","",now,a,senator,from,New,York,and,Democratic,presidential,hopeful,.}",41,3,16,2,2,"{INV_KW_IND_[non_married],INV_NGRAM_1_[brother],""INV_NGRAM_1_[,]"",INV_NGRAM_1_[lady],""INV_NER_L_3_R_1_[O O O]_[O]"",INV_NGRAM_1_[daughter]}","{-2.56873,-2.43541,-1.42472,1.41026,1.17156,-1.15946}"
LTW_ENG_20080802.0024.LDC2009T13_9_21-LTW_ENG_20080802.0024.LDC2009T13_9_0,LTW_ENG_20080802.0024.LDC2009T13_9,Wolfgang Wagner-Katharina Wagner,f,"{Katharina,Wagner,'s,first,production,at,Bayreuth,was,meant,to,show,that,she,was,ready,to,succeed,her,father,"","",88-year-old,Wolfgang,Wagner,"","",as,the,head,of,Germany,'s,most,famous,opera,festival,.}",21,2,0,2,2,"{INV_KW_IND_[non_married],INV_NGRAM_1_[father],""INV_NGRAM_1_[,]"",INV_NGRAM_1_[she],""INV_NER_L_3_R_2_[O O O]_[O O]"",""INV_NER_L_3_R_1_[O O O]_[O]""}","{-2.56873,-2.04065,-1.42472,1.24168,-1.22689,1.17156}"
NYT_ENG_20081207.0114.LDC2009T13_341_25-NYT_ENG_20081207.0114.LDC2009T13_341_9,NYT_ENG_20081207.0114.LDC2009T13_341,Howie Dorough-Susie Behm,f,"{St.,Petersburg,resident,and,NASCAR,racer,Dan,Wheldon,and,Susie,Behm,hired,Botanica,for,their,wedding,earlier,in,the,year,"","",as,did,Backstreet,Boy,Howie,Dorough,and,Leigh,Boniello,.}",25,2,9,2,2,"{INV_LEMMA_L_1_R_1_[and]_[and],""INV_NGRAM_1_[,]"",INV_NGRAM_1_[wedding],INV_NGRAM_1_[they],INV_STARTS_WITH_CAPITAL_[True_True],INV_NGRAM_1_[hire]}","{-2.18174,-1.42472,1.34721,-1.21173,-1.149,-0.930195}"
APW_ENG_20080701.1360.LDC2009T13_188_10-APW_ENG_20080701.1360.LDC2009T13_188_13,APW_ENG_20080701.1360.LDC2009T13_188,George Jones-Elvis Costello,f,"{Sherrill,produced,records,by,Johnny,Cash,"","",Tammy,Wynette,"","",George,Jones,"","",Elvis,Costello,and,many,others,.}",10,2,13,2,2,"{STARTS_WITH_CAPITAL_[True_True],NER_L_1_R_1_[O]_[O],""BETW_L_[prep_by prep_by]"",""NGRAM_1_[,]"",""NER_L_3_R_2_[PERSON PERSON O]_[O O]"",""NER_L_2_R_1_[PERSON O]_[O]""}","{-2.15061,2.03006,2.00541,-1.35882,-0.979175,-0.905711}"
LTW_ENG_20080813.0047.LDC2009T13_336_78-LTW_ENG_20080813.0047.LDC2009T13_336_46,LTW_ENG_20080813.0047.LDC2009T13_336,Soon-Yi Previn-Mia Farrow,f,"{From,the,way,Allen,is,talking,"","",one,would,assume,it,'s,the,eve,of,the,release,of,one,of,his,misfires,"","",the,platoon,of,piffles,including,``,Celebrity,'',and,``,Anything,Else,'',that,followed,the,public,scandal,of,his,1992,breakup,with,Mia,Farrow,"","",the,ugly,accusations,-LRB-,denied,and,never,proved,-RRB-,of,child,abuse,and,his,later,marriage,-LRB-,now,10,years,running,-RRB-,to,Farrow,'s,adopted,daughter,"","",then-22-year-old,Soon-Yi,Previn,.}",78,2,46,2,2,"{INV_KW_IND_[non_married],INV_NGRAM_1_[marriage],""INV_NGRAM_1_[,]"",INV_LEMMA_L_1_R_1_[with]_[.],INV_NGRAM_1_[daughter],INV_STARTS_WITH_CAPITAL_[True_True]}","{-2.56873,1.87293,-1.42472,-1.26282,-1.15946,-1.149}"
LTW_ENG_20080723.0144.LDC2009T13_805_6-LTW_ENG_20080723.0144.LDC2009T13_805_18,LTW_ENG_20080723.0144.LDC2009T13_805,Sarah Churchill-Winston Churchill,f,"{Another,of,his,clients,"","",actress,Sarah,Churchill,"","",introduced,him,to,her,father,"","",British,Prime,Minister,Winston,Churchill,"","",who,retained,him,to,handle,the,American,sales,of,his,multi-volume,``,History,of,the,English-Speaking,Peoples,.,''}",6,2,18,2,2,"{KW_IND_[non_married],STARTS_WITH_CAPITAL_[True_True],NER_L_1_R_1_[TITLE]_[O],NGRAM_1_[father],""NGRAM_1_[,]"",NGRAM_1_[she]}","{-2.20027,-2.15061,1.86495,-1.52368,-1.35882,1.35843}"
18124@2_9-18124@2_18,18124@2,Libby-Harry Reid,f,"{``,Now,President,Bush,must,pledge,not,to,pardon,Libby,for,his,criminal,conduct,"","",'',declared,Sen.,Harry,Reid,"","",the,Senate,majority,Leader,"","",a,stance,echoed,by,other,congressional,Democrats,"","",editorial,writers,and,bloggers,on,the,left,.}",9,1,18,2,2,"{STARTS_WITH_CAPITAL_[True_True],NER_L_1_R_1_[O]_[O],""NGRAM_1_[,]"",""NER_L_1_R_3_[O]_[O O ORGANIZATION]"",""NER_L_2_R_3_[O O]_[O O ORGANIZATION]"",NGRAM_1_[he]}","{-2.15061,2.03006,-1.35882,-0.944199,-0.904453,0.786486}"
NYT_ENG_20081112.0224.LDC2009T13_1069_69-NYT_ENG_20081112.0224.LDC2009T13_1069_66,NYT_ENG_20081112.0224.LDC2009T13_1069,Mary-Louise Parker-Milla Jovovich,f,"{The,celebrities,in,the,Gap,campaign,include,Jon,Hamm,of,``,Mad,Men,"","",'',the,TV,series,about,advertising,in,the,1960s,"","",with,his,girlfriend,"","",the,actress,Jennifer,Westfeldt,;,cast,members,of,``,Saturday,Night,Live,'',;,the,Dixie,Chicks,;,actors,like,Jason,Bateman,"","",Jason,Biggs,"","",Freddy,Rodriguez,and,Rainn,Wilson,;,and,actresses,like,Jennifer,Hudson,"","",Milla,Jovovich,and,Mary-Louise,Parker,.}",69,2,66,2,2,"{INV_LEMMA_SEQ_[and],""INV_LEMMA_L_2_R_1_[Hudson ,]_[.]"",""INV_LEMMA_L_3_R_1_[Jennifer Hudson ,]_[.]"",""INV_LEMMA_L_1_R_1_[,]_[.]"",INV_STARTS_WITH_CAPITAL_[True_True],""INV_BETW_L_[dep dep]""}","{1.68884,-1.31542,-1.31542,-1.25667,-1.149,1.0885}"
LTW_ENG_20070106.0070.LDC2009T13_725_28-LTW_ENG_20070106.0070.LDC2009T13_725_1,LTW_ENG_20070106.0070.LDC2009T13_725,Charlie Sheen-Brad Pitt,f,"{From,Brad,Pitt,in,early,2006,to,Britney,Spears,late,in,the,year,--,with,a,list,that,included,Jennifer,Aniston,"","",Tom,Arnold,"","",Denise,Richards,"","",Charlie,Sheen,"","",Heather,Locklear,"","",Jessica,Simpson,"","",Nick,Lachey,and,Reese,Witherspoon,"","",to,name,a,few,--,2006,may,be,recalled,as,the,year,of,celebrity,divorce,.}",28,2,1,2,2,"{INV_NGRAM_1_[Tom],INV_NGRAM_1_[Jennifer],""INV_NGRAM_1_[,]"",INV_NGRAM_1_[with],""INV_NER_L_3_R_1_[O O O]_[O]"",INV_STARTS_WITH_CAPITAL_[True_True]}","{-2.06152,-1.63074,-1.42472,1.42247,1.17156,-1.149}"
APW_ENG_20081023.0034.LDC2009T13_653_40-APW_ENG_20081023.0034.LDC2009T13_653_91,APW_ENG_20081023.0034.LDC2009T13_653,Mary McCormack-Brad Altman,f,"{Among,the,other,famous,contributors,:,``,Point,of,No,Return,'',actress,Bridget,Fonda,-LRB-,$,200,-RRB-,;,``,One,Life,to,Live,'',actor,Jason,Tam,-LRB-,$,100,-RRB-,;,``,In,Plain,Sight,'',actress,Mary,McCormack,-LRB-,$,200,-RRB-,;,``,Good,Will,Hunting,'',director,Gus,Van,Sant,-LRB-,$,""2,500"",-RRB-,;,``,Brothers,&,Sisters,'',executive,producer,Greg,Berlanti,-LRB-,$,""5,000"",-RRB-,and,``,Star,Trek,'',actor,George,Takei,-LRB-,$,""2,600"",-RRB-,"","",who,wed,business,manager,Brad,Altman,in,September,.}",40,2,91,2,2,"{NGRAM_1_[;],KW_IND_[non_married],STARTS_WITH_CAPITAL_[True_True],NGRAM_1_[wed],NER_L_1_R_1_[TITLE]_[O],NGRAM_1_[sister]}","{-2.97312,-2.20027,-2.15061,2.01281,1.86495,-1.5296}"
LTW_ENG_20070505.0135.LDC2009T13_188_35-LTW_ENG_20070505.0135.LDC2009T13_188_26,LTW_ENG_20070505.0135.LDC2009T13_188,Alan Greenspan-John Warner,f,"{Also,on,hand,were,the,vice,president,'s,wife,"","",Lynne,"","",Virginia,Democratic,Gov.,Timothy,Kaine,and,his,wife,"","",Anne,Holton,;,U.S.,Sen.,John,Warner,"","",R-Va.,;,former,Federal,Reserve,chairman,Alan,Greenspan,and,his,wife,"","",NBC,'s,Andrea,Mitchell,;,and,others,.}",35,2,26,2,2,"{INV_NGRAM_1_[;],""INV_NGRAM_1_[,]"",""INV_BETW_L_[conj_and conj_and]"",INV_STARTS_WITH_CAPITAL_[True_True],""INV_NER_L_1_R_2_[O]_[O O]"",INV_LEMMA_L_1_R_1_[Sen.]_[and]}","{-3.37177,-1.42472,-1.25409,-1.149,0.995178,0.992932}"
APW_ENG_20080901.0261.LDC2009T13_219_9-APW_ENG_20080901.0261.LDC2009T13_219_22,APW_ENG_20080901.0261.LDC2009T13_219,Kofi Annan-Jonny Lee Miller,f,"{The,documentary,"","",which,also,features,former,U.N.,chief,Kofi,Annan,"","",the,Dalai,Lama,"","",Angelina,Jolie,"","",Annie,Lennox,and,Jonny,Lee,Miller,"","",charts,the,way,Peace,Day,can,be,used,as,a,focus,for,lifesaving,activity,"","",Gilley,said,.}",9,2,22,3,3,"{STARTS_WITH_CAPITAL_[True_True],NER_L_1_R_1_[TITLE]_[O],""NGRAM_3_[Angelina Jolie ,]"",""NGRAM_2_[Jolie ,]"",""NGRAM_1_[,]"",""NER_SEQ_[O O PERSON PERSON O PERSON PERSON O PERSON PERSON O]""}","{-2.15061,1.86495,-1.38671,-1.38671,-1.35882,0.663076}"
108555@5_23-108555@5_17,108555@5,Myrna Loy-Carole Lombard,f,"{The,actors,"","",writers,and,directors,who,made,those,old,studio,whirligigs,spin,--,Clark,Gable,and,Carole,Lombard,;,William,Powell,and,Myrna,Loy,;,Preston,Sturges,and,Frank,Capra,and,all,the,rest,--,made,it,look,easy,.}",23,2,17,2,2,"{INV_NGRAM_1_[;],INV_STARTS_WITH_CAPITAL_[True_True],INV_NGRAM_1_[and],INV_NGRAM_1_[William],""INV_NER_L_1_R_3_[O]_[O PERSON PERSON]"",IS_INVERTED}","{-3.37177,-1.149,-0.963997,-0.811976,-0.602702,0.57978}"
NYT_ENG_20071016.0146.LDC2009T13_39_2-NYT_ENG_20071016.0146.LDC2009T13_39_8,NYT_ENG_20071016.0146.LDC2009T13_39,Casey Affleck-Morgan Freeman,f,"{Starring,:,Casey,Affleck,"","",Michelle,Monaghan,"","",Morgan,Freeman,"","",Ed,Harris,"","",Amy,Ryan,"","",Amy,Madigan,"","",John,Ashton}",2,2,8,2,2,"{STARTS_WITH_CAPITAL_[True_True],NER_L_1_R_1_[O]_[O],NGRAM_1_[Michelle],""NGRAM_1_[,]"",""NER_L_1_R_2_[O]_[O PERSON]"",""NER_L_3_R_1_[PERSON O O]_[O]""}","{-2.15061,2.03006,-1.38614,-1.35882,-1.16971,-1.04654}"
APW_ENG_20080929.1098.LDC2009T13_387_17-APW_ENG_20080929.1098.LDC2009T13_387_6,APW_ENG_20080929.1098.LDC2009T13_387,DaMarcus Beasley-Jamar Beasley,f,"{The,U.S.,has,on,its,roster,Jamar,Beasley,"","",the,older,brother,of,regular,national,team,player,DaMarcus,Beasley,.}",17,2,6,2,2,"{""INV_BETW_D_[prep_of DICT_non_married appos]"",INV_KW_IND_[non_married],INV_NGRAM_1_[brother],""INV_BETW_L_[prep_of appos]"",""INV_NGRAM_1_[,]"",INV_NGRAM_1_[team]}","{-2.72515,-2.56873,-2.43541,1.48212,-1.42472,-1.29207}"
eng-WL-11-174585-12939369_912_0-eng-WL-11-174585-12939369_912_9,eng-WL-11-174585-12939369_912,Rachel Ward-Ben Mendelsohn,f,"{Rachel,Ward,-RRB-,-,Has,a,great,cast,-,Ben,Mendelsohn,"","",Bryan,Brown,"","",Rachel,Griffiths,"","",Maeve,Dermody,-,but,the,story,sounds,a,bit,on-the-nose,.}",0,2,9,2,2,"{STARTS_WITH_CAPITAL_[True_True],NER_L_1_R_1_[O]_[O],""NER_L_1_R_2_[O]_[O PERSON]"",""NGRAM_2_[have a]"",""NER_L_1_R_3_[O]_[O PERSON PERSON]"",NGRAM_1_[-rrb-]}","{-2.15061,2.03006,-1.16971,1.02466,-0.986927,-0.858951}"
APW_ENG_20080122.0751.LDC2009T13_311_48-APW_ENG_20080122.0751.LDC2009T13_311_40,APW_ENG_20080122.0751.LDC2009T13_311,Julian Schnabel-Jason Reitman,f,"{The,nominees,for,best,director,were,:,Paul,Thomas,Anderson,"","",``,There,Will,Be,Blood,'',;,Ethan,Coen,and,Joel,Coen,"","",``,No,Country,for,Old,Men,'',;,Tony,Gilroy,"","",``,Michael,Clayton,'',;,Jason,Reitman,"","",``,Juno,'',;,and,Julian,Schnabel,"","",``,The,Diving,Bell,and,the,Butterfly,.,''}",48,2,40,2,2,"{INV_NGRAM_1_[;],""INV_NGRAM_2_[; and]"",""INV_NGRAM_1_[,]"",""INV_NER_L_3_R_3_[PERSON O O]_[O O O]"",INV_STARTS_WITH_CAPITAL_[True_True],""INV_BETW_L_[dep dep]""}","{-3.37177,-1.80979,-1.42472,-1.41641,-1.149,1.0885}"
eng-WL-11-174587-12961510_162_4-eng-WL-11-174587-12961510_162_15,eng-WL-11-174587-12961510_162,Spencer Pratt-Kristin Cavallari,f,"{Though,Heidi,Montag,and,Spencer,Pratt,were,nowhere,to,be,seen,-LRB-,bummer,-RRB-,castmates,Kristin,Cavallari,and,Stephanie,Pratt,partied,together,"","",looking,like,total,BFFs,!}",4,2,15,2,2,"{STARTS_WITH_CAPITAL_[True_True],NER_L_1_R_1_[O]_[O],LEMMA_L_1_R_1_[and]_[and],""NER_SEQ_[O O O O O O O O O]"",""NER_L_1_R_2_[O]_[O PERSON]"",""NER_L_1_R_3_[O]_[O PERSON PERSON]""}","{-2.15061,2.03006,-1.72326,1.43124,-1.16971,-0.986927}"
NYT_ENG_20080814.0286.LDC2009T13_24_5-NYT_ENG_20080814.0286.LDC2009T13_24_11,NYT_ENG_20080814.0286.LDC2009T13_24,Brian Dennehy-Michael Douglas,f,"{Starring,:,Joan,Allen,"","",Brian,Dennehy,"","",Kirk,Douglas,"","",Michael,Douglas,"","",Paul,Giamatti,"","",Dustin,Hoffman,"","",Nathan,Lane,"","",Liam,Neeson,"","",David,Strathairn,"","",Donald,Sutherland}",5,2,11,2,2,"{STARTS_WITH_CAPITAL_[True_True],NER_L_1_R_1_[O]_[O],""NGRAM_1_[,]"",""NER_L_1_R_2_[O]_[O PERSON]"",""NER_L_1_R_3_[O]_[O PERSON PERSON]"",""NER_L_2_R_1_[PERSON O]_[O]""}","{-2.15061,2.03006,-1.35882,-1.16971,-0.986927,-0.905711}"
NYT_ENG_20080708.0067.LDC2009T13_571_6-NYT_ENG_20080708.0067.LDC2009T13_571_9,NYT_ENG_20080708.0067.LDC2009T13_571,Ty Cobb-Joe DiMaggio,f,"{In,the,cases,of,baseball,greats,Ty,Cobb,"","",Joe,DiMaggio,"","",and,Robinson,"","",for,example,"","",records,show,the,FBI,declined,Cobb,'s,offer,to,provide,Hoover,information,about,major,leaguers,who,may,have,been,communist,sympathizers,;,investigated,hate,mail,DiMaggio,received,after,the,death,of,his,former,wife,"","",Marilyn,Monroe,;,and,monitored,whether,African-American,athletes,such,as,Robinson,were,linked,to,black,nationalist,groups,"","",which,Hoover,considered,threats,to,US,security,.}",6,2,9,2,2,"{STARTS_WITH_CAPITAL_[True_True],NER_L_1_R_1_[O]_[O],""NER_L_1_R_3_[O]_[O O PERSON]"",""NGRAM_1_[,]"",""BETW_L_[dep dep]"",""WORD_SEQ_[,]""}","{-2.15061,2.03006,-1.62449,-1.35882,0.727786,0.532848}"
AFP_ENG_20080921.0096.LDC2009T13_315_2-AFP_ENG_20080921.0096.LDC2009T13_315_13,AFP_ENG_20080921.0096.LDC2009T13_315,Gudrun Burwitz-Heinrich Himmler,f,"{Appearances,by,Gudrun,Burwitz,"","",the,daughter,of,the,former,Waffen,SS,chief,Heinrich,Himmler,"","",have,also,become,more,rare,"","",she,added,.}",2,2,13,2,2,"{""BETW_D_[appos DICT_non_married prep_of]"",KW_IND_[non_married],STARTS_WITH_CAPITAL_[True_True],NER_L_1_R_1_[O]_[O],""NGRAM_2_[daughter of]"",""NGRAM_1_[,]""}","{-3.08534,-2.20027,-2.15061,2.03006,-1.5664,-1.35882}"
eng-NG-31-102747-11002994_748_2-eng-NG-31-102747-11002994_748_16,eng-NG-31-102747-11002994_748,Adam-Seth,f,"{25,And,Adam,knew,his,wife,again,"","",and,she,bore,a,son,and,named,him,Seth,"","",``,For,God,has,appointed,another,seed,for,me,instead,of,Abel,"","",whom,Cain,killed,.,''}",2,1,16,1,1,"{NGRAM_1_[wife],KW_IND_[non_married],STARTS_WITH_CAPITAL_[True_True],NER_L_1_R_1_[O]_[O],NGRAM_1_[son],""NGRAM_1_[,]""}","{5.01088,-2.20027,-2.15061,2.03006,-1.99866,-1.35882}"
NYT_ENG_20070216.0094.LDC2009T13_646_11-NYT_ENG_20070216.0094.LDC2009T13_646_35,NYT_ENG_20070216.0094.LDC2009T13_646,Michael Richards-Britney Spears,f,"{Other,major,scoops,followed,"","",including,the,cellphone,camera,footage,of,Michael,Richards,',racist,rant,at,the,Laugh,Factory,"","",the,birth,certificate,of,Tom,Cruise,'s,kid,Suri,"","",and,the,breakup,of,Britney,Spears,and,Kevin,Federline,.}",11,2,35,2,2,"{STARTS_WITH_CAPITAL_[True_True],NER_L_1_R_1_[O]_[O],NGRAM_1_[Suri],""NGRAM_2_[Tom Cruise]"",NGRAM_1_[Cruise],""NGRAM_1_[,]""}","{-2.15061,2.03006,1.92146,-1.72647,-1.70257,-1.35882}"
1145@21_15-1145@21_26,1145@21,Madonna-Ben Affleck,f,"{This,kind,of,uxorious,collaboration,has,scary,precedents,:,Guy,Ritchie,directing,his,wife,"","",Madonna,"","",in,a,remake,of,``,Swept,Away,'',;,Ben,Affleck,starring,with,Jennifer,Lopez,in,``,Gigli,'',;,and,Brad,Hall,working,with,his,wife,"","",Julia,Louis-Dreyfus,"","",on,the,sitcom,``,Watching,Ellie,.,''}",15,1,26,2,2,"{NGRAM_1_[;],STARTS_WITH_CAPITAL_[True_True],NER_L_1_R_1_[O]_[O],""NER_L_1_R_3_[O]_[O O PERSON]"",""NGRAM_1_[,]"",""LEMMA_L_1_R_1_[,]_[star]""}","{-2.97312,-2.15061,2.03006,-1.62449,-1.35882,-0.890228}"
NYT_ENG_20070423.0016.LDC2009T13_708_10-NYT_ENG_20070423.0016.LDC2009T13_708_25,NYT_ENG_20070423.0016.LDC2009T13_708,Marcus Griffin-Michael Griffin,f,"{Injuries,to,fellow,starters,"","",cornerback,Tarell,Brown,and,safety,Marcus,Griffin,"","",Michael,'s,twin,brother,"","",and,the,departure,of,Huff,"","",prompted,Michael,Griffin,to,get,away,from,his,game,.}",10,2,25,2,2,"{KW_IND_[non_married],STARTS_WITH_CAPITAL_[True_True],NER_L_1_R_1_[O]_[O],NGRAM_1_[brother],""NGRAM_1_[,]"",""NGRAM_2_[and the]""}","{-2.20027,-2.15061,2.03006,-1.83191,-1.35882,1.1812}"
eng-WL-11-174572-12948024_104_26-eng-WL-11-174572-12948024_104_3,eng-WL-11-174572-12948024_104,Patricia Wettig-Michelle,f,"{If,you,notice,Michelle,bears,a,passing,resemblance,to,Holly,then,you,'re,on,to,something,because,the,actress,"","",Roxy,Olin,"","",is,daughter,to,Patricia,Wettig,and,Executive,Producer,-LRB-,and,co-star,-RRB-,Ken,Olin,.}",26,2,3,1,1,"{INV_KW_IND_[non_married],""INV_NGRAM_1_[,]"",""INV_NER_L_3_R_1_[O O O]_[O]"",INV_NGRAM_1_[daughter],INV_STARTS_WITH_CAPITAL_[True_True],INV_NGRAM_1_[actress]}","{-2.56873,-1.42472,1.17156,-1.15946,-1.149,1.05413}"
APW_ENG_20080825.0878.LDC2009T13_354_9-APW_ENG_20080825.0878.LDC2009T13_354_1,APW_ENG_20080825.0878.LDC2009T13_354,Barack Obama-Malia,f,"{Daughters,Malia,and,Sasha,tagged,along,"","",as,did,Barack,Obama,'s,sister,Maya,Soetoro-Ng,.}",9,2,1,1,1,"{INV_KW_IND_[non_married],INV_IN_DICT_[non_married]_[non_married],""INV_NGRAM_1_[,]"",INV_STARTS_WITH_CAPITAL_[True_True],""INV_NER_L_3_R_1_[PERSON O O]_[O]"",INV_NGRAM_1_[and]}","{-2.56873,1.45838,-1.42472,-1.149,0.993231,-0.963997}"
APW_ENG_20071110.0750.LDC2009T13_709_18-APW_ENG_20071110.0750.LDC2009T13_709_22,APW_ENG_20071110.0750.LDC2009T13_709,Bobby Unser-Al Unser,f,"{Obama,was,rallying,with,five-time,Grammy,award-winning,musician,John,Legend,"","",while,Richardson,brought,out,race,car,drivers,Bobby,Unser,Sr.,and,Al,Unser,Sr.,.}",18,2,22,2,2,"{STARTS_WITH_CAPITAL_[True_True],NER_L_1_R_1_[O]_[O],NGRAM_1_[Sr.],""NGRAM_2_[Sr. and]"",""NER_L_3_R_1_[O O O]_[O]"",""NER_L_2_R_1_[O O]_[O]""}","{-2.15061,2.03006,-1.24377,-0.969518,0.488205,0.449467}"
1405@2_4-1405@2_10,1405@2,Bill Clinton-Jimmy Carter,f,"{Three,former,presidents,--,Bill,Clinton,"","",George,Bush,and,Jimmy,Carter,--,also,came,to,pay,their,final,respects,"","",accompanied,by,their,wives,"","",Sen.,Hillary,Rodham,Clinton,"","",D-N.Y.,;,Barbara,Bush,;,and,Rosalynn,Carter,.}",4,2,10,2,2,"{STARTS_WITH_CAPITAL_[True_True],NER_L_1_R_1_[O]_[O],""NGRAM_1_[,]"",""POS_SEQ_[, NNP NNP CC]"",NGRAM_1_[Bush],NGRAM_1_[George]}","{-2.15061,2.03006,-1.35882,-1.20682,-0.712351,-0.52449}"
APW_ENG_20070226.0104.LDC2009T13_370_3-APW_ENG_20070226.0104.LDC2009T13_370_31,APW_ENG_20070226.0104.LDC2009T13_370,Jimmie Johnson-Kurt Busch,f,"{Defending,Cup,champion,Jimmie,Johnson,"","",who,finished,39th,at,Daytona,"","",also,bounced,back,with,a,third-place,finish,Sunday,"","",followed,by,Burton,"","",Mark,Martin,"","",Clint,Bowyer,"","",Kurt,Busch,"","",Tony,Stewart,and,Kyle,Busch,.}",3,2,31,2,2,"{STARTS_WITH_CAPITAL_[True_True],NER_L_1_R_1_[O]_[O],""NGRAM_1_[,]"",""NER_L_1_R_2_[O]_[O PERSON]"",NGRAM_1_[by],""NER_L_1_R_3_[O]_[O PERSON PERSON]""}","{-2.15061,2.03006,-1.35882,-1.16971,-1.04255,-0.986927}"
APW_ENG_20070425.1768.LDC2009T13_278_29-APW_ENG_20070425.1768.LDC2009T13_278_23,APW_ENG_20070425.1768.LDC2009T13_278,Leonardo DiCaprio-Alicia Keys,f,"{Also,making,the,``,Beautiful,People,'',list,are,celebrity,do-gooders,Brad,Pitt,"","",Angelina,Jolie,"","",George,Clooney,"","",Oprah,Winfrey,"","",Alicia,Keys,"","",Sandra,Bullock,"","",Leonardo,DiCaprio,"","",Tyra,Banks,and,Nicole,Kidman,.}",29,2,23,2,2,"{""INV_NGRAM_1_[,]"",""INV_NER_L_3_R_2_[PERSON PERSON O]_[O O]"",INV_STARTS_WITH_CAPITAL_[True_True],""INV_NER_L_1_R_2_[O]_[O O]"",""INV_LEMMA_L_3_R_1_[Oprah Winfrey ,]_[,]"",""INV_LEMMA_L_2_R_1_[Winfrey ,]_[,]""}","{-1.42472,-1.19671,-1.149,0.995178,0.99009,0.99009}"
AFP_ENG_20070427.0098.LDC2009T13_155_5-AFP_ENG_20070427.0098.LDC2009T13_155_14,AFP_ENG_20070427.0098.LDC2009T13_155,Brad Pitt-Leonardo DiCaprio,f,"{Others,on,the,list,include,Brad,Pitt,"","",George,Clooney,"","",Oprah,Winfrey,"","",Leonardo,DiCaprio,"","",Scarlett,Johansson,"","",Jennifer,Aniston,"","",Reese,Witherspoon,"","",Halle,Berry,and,Jennifer,Lopez,.}",5,2,14,2,2,"{STARTS_WITH_CAPITAL_[True_True],NER_L_1_R_1_[O]_[O],""NGRAM_1_[,]"",""NER_L_1_R_2_[O]_[O PERSON]"",""BETW_L_[dobj dobj]"",""NER_L_1_R_3_[O]_[O PERSON PERSON]""}","{-2.15061,2.03006,-1.35882,-1.16971,1.16527,-0.986927}"
LTW_ENG_20070202.0142.LDC2009T13_137_22-LTW_ENG_20070202.0142.LDC2009T13_137_0,LTW_ENG_20070202.0142.LDC2009T13_137,Valerie Plame-Libby,f,"{Libby,"","",56,"","",is,accused,of,lying,to,investigators,probing,whether,government,officials,illegally,disclosed,the,identity,of,CIA,arms-proliferation,specialist,Valerie,Plame,in,the,summer,of,2003,"","",soon,after,her,husband,"","",former,ambassador,Joseph,C.,Wilson,IV,"","",accused,the,Bush,administration,of,twisting,pre-war,intelligence,in,Iraq,.}",22,2,0,1,1,"{""INV_NGRAM_1_[,]"",INV_STARTS_WITH_CAPITAL_[True_True],""INV_BETW_L_[dep dep]"",INV_NGRAM_1_[CIA],INV_NGRAM_1_[whether],IS_INVERTED}","{-1.42472,-1.149,1.0885,-0.913177,-0.85776,0.57978}"
AFP_ENG_20080110.0772.LDC2009T13_337_3-AFP_ENG_20080110.0772.LDC2009T13_337_16,AFP_ENG_20080110.0772.LDC2009T13_337,Chen-Chiang Ching-kuo,f,"{Last,month,"","",Chen,'s,government,shut,down,the,mausoleums,of,Chiang,Kai-shek,and,his,son,Chiang,Ching-kuo,"","",citing,budgetary,concerns,and,a,lack,of,manpower,.}",3,1,16,2,2,"{KW_IND_[non_married],STARTS_WITH_CAPITAL_[True_True],NER_L_1_R_1_[O]_[O],NGRAM_1_[son],""NGRAM_2_[he son]"",""NGRAM_3_[and he son]""}","{-2.20027,-2.15061,2.03006,-1.99866,-0.839784,-0.809176}"
NYT_ENG_20081013.0127.LDC2009T13_833_0-NYT_ENG_20081013.0127.LDC2009T13_833_14,NYT_ENG_20081013.0127.LDC2009T13_833,Reynolds-Scott King,f,"{Reynolds,has,worked,for,years,on,the,book,"","",which,weaves,interviews,and,Coretta,Scott,King,'s,personal,writings,into,a,ghostwritten,autobiography,in,Coretta,Scott,King,'s,own,words,.}",0,1,14,2,2,"{STARTS_WITH_CAPITAL_[True_True],NER_L_1_R_1_[O]_[O],""NGRAM_1_[,]"",""NGRAM_2_[, which]"",NGRAM_1_[for],""NER_L_3_R_1_[O O O]_[O]""}","{-2.15061,2.03006,-1.35882,-0.959965,-0.785042,0.488205}"
AFP_ENG_20080706.0022.LDC2009T13_64_0-AFP_ENG_20080706.0022.LDC2009T13_64_7,AFP_ENG_20080706.0022.LDC2009T13_64,Venus Williams-Serena Williams,f,"{Venus,Williams,-LRB-,USA,x7,-RRB-,bt,Serena,Williams,-LRB-,USA,x6,-RRB-,7-5,"","",6-4}",0,2,7,2,2,"{STARTS_WITH_CAPITAL_[True_True],NGRAM_1_[-rrb-],""NER_L_2_R_1_[O NUMBER]_[O]"",BETW_[nsubj],BETW_L_[nsubj],BETW_D_[nsubj]}","{-2.15061,-0.858951,-0.595777,-0.575394,-0.575394,-0.575394}"
134691@16_9-134691@16_0,134691@16,Zardari-Zardari,f,"{Zardari,'s,aides,have,promised,that,as,president,"","",Zardari,would,agree,to,the,elimination,of,a,constitutional,provision,that,allows,the,president,to,dismiss,Parliament,"","",long,considered,a,weak,institution,.}",9,1,0,1,1,"{""INV_NGRAM_1_[,]"",""INV_NER_L_3_R_2_[O O O]_[O O]"",""INV_NER_L_3_R_1_[O O O]_[O]"",INV_STARTS_WITH_CAPITAL_[True_True],""INV_NER_SEQ_[O O O O O O O O]"",""INV_NGRAM_2_[president ,]""}","{-1.42472,-1.22689,1.17156,-1.149,0.997779,0.996049}"
eng-WL-11-174595-12970756_692_0-eng-WL-11-174595-12970756_692_10,eng-WL-11-174595-12970756_692,David-Katie Holmes,f,"{David,and,Victoria,Beckham,joined,forces,with,Tom,Cruise,and,Katie,Holmes,to,try,and,steal,as,much,attention,from,the,other,attendees,as,they,could,...,tho,"","",I,think,the,sun,has,set,on,this,foursome,generating,all,that,much,excitement,...,and,to,be,honest,"","",I,'m,pretty,disappointed,at,what,Vicki,B.,and,Katie,wore,over,all,:}",0,1,10,2,2,"{STARTS_WITH_CAPITAL_[True_True],NER_L_1_R_1_[O]_[O],""NGRAM_2_[Tom Cruise]"",NGRAM_1_[Cruise],NGRAM_1_[join],""BETW_[dep : dep]""}","{-2.15061,2.03006,-1.72647,-1.70257,-1.12833,1.07798}"
NYT_ENG_20070409.0169.LDC2009T13_265_3-NYT_ENG_20070409.0169.LDC2009T13_265_31,NYT_ENG_20070409.0169.LDC2009T13_265,Eugenio Bava-Mario Bava,f,"{The,son,of,Eugenio,Bava,"","",a,cinematographer,whose,credits,go,back,to,Giovanni,Pastrone,'s,1914,``,Cabiria,"","",'',one,of,the,first,great,epics,of,Italian,cinema,"","",Mario,Bava,was,himself,a,successful,cinematographer,"","",with,a,reputation,for,saving,troubled,international,co-productions,"","",when,he,was,invited,to,direct,a,project,of,his,own,.}",3,2,31,2,2,"{KW_IND_[non_married],STARTS_WITH_CAPITAL_[True_True],NER_L_1_R_1_[O]_[O],NGRAM_1_[go],LEMMA_L_1_R_1_[of]_[be],""NGRAM_1_[,]""}","{-2.20027,-2.15061,2.03006,2.02914,-1.69886,-1.35882}"
eng-NG-31-142891-10111007_828_28-eng-NG-31-142891-10111007_828_14,eng-NG-31-142891-10111007_828,Solomon-David,f,"{Per,Israel,Finkelstein,what,is,described,in,the,Bible,that,is,normally,ascribed,to,David,is,said,to,occur,in,the,mid,10th,century,and,the,buildings,by,Solomon,are,said,to,occur,in,the,early,9th,century,.}",28,1,14,1,1,"{""INV_NER_L_3_R_2_[O O O]_[O O]"",""INV_NER_L_3_R_1_[O O O]_[O]"",INV_STARTS_WITH_CAPITAL_[True_True],""INV_NER_L_1_R_2_[O]_[O O]"",INV_NGRAM_1_[and],INV_NGRAM_1_[by]}","{-1.22689,1.17156,-1.149,0.995178,-0.963997,-0.962593}"
NYT_ENG_20080414.0172.LDC2009T13_951_44-NYT_ENG_20080414.0172.LDC2009T13_951_27,NYT_ENG_20080414.0172.LDC2009T13_951,Vanessa Paradis-Sarah,f,"{The,claustrophobic,setting,recalls,the,confined,locations,of,Clouzot,'s,film,:,In,place,of,an,abandoned,boarding,school,we,get,a,lonely,suburban,McMansion,"","",where,Sarah,-LRB-,Alysson,Paradis,"","",a,dark-haired,beauty,who,bears,little,resemblance,to,her,pop-star,sister,"","",Vanessa,Paradis,-RRB-,is,living,alone,after,the,death,of,her,husband,in,a,car,accident,.}",44,2,27,1,1,"{INV_KW_IND_[non_married],INV_NGRAM_1_[sister],""INV_NGRAM_1_[,]"",INV_NGRAM_1_[she],""INV_NER_L_3_R_2_[O O O]_[O O]"",""INV_NER_L_3_R_1_[O O O]_[O]""}","{-2.56873,-1.44772,-1.42472,1.24168,-1.22689,1.17156}"
APW_ENG_20080918.0448.LDC2009T13_88_17-APW_ENG_20080918.0448.LDC2009T13_88_14,APW_ENG_20080918.0448.LDC2009T13_88,Mardy Fish-Mike Bryan,f,"{Spaniards,Fernando,Verdasco,and,Feliciano,Lopez,will,team,up,in,Saturday,'s,doubles,against,Mike,Bryan,and,Mardy,Fish,"","",who,is,filling,for,injured,Bob,Bryan,.}",17,2,14,2,2,"{INV_LEMMA_SEQ_[and],""INV_NER_L_3_R_2_[O O O]_[O O]"",""INV_NER_L_3_R_1_[O O O]_[O]"",INV_STARTS_WITH_CAPITAL_[True_True],""INV_NER_L_1_R_2_[O]_[O O]"",INV_NGRAM_1_[and]}","{1.68884,-1.22689,1.17156,-1.149,0.995178,-0.963997}"
58165@0_6-58165@0_10,58165@0,John Edwards-Mitt Romney,f,"{Two,trailing,presidential,candidates,--,Democrat,John,Edwards,and,Republican,Mitt,Romney,--,on,Friday,pressed,their,competing,plans,to,extend,health,insurance,coverage,to,all,Americans,amid,nationwide,polls,showing,health,care,a,top,concern,in,the,2008,presidential,race,.}",6,2,10,2,2,"{STARTS_WITH_CAPITAL_[True_True],""NER_SEQ_[O MISC]"",""NER_L_3_R_2_[O O MISC]_[O O]"",""NER_L_2_R_2_[O MISC]_[O O]"",""NER_L_1_R_3_[MISC]_[O O DATE]"",""NGRAM_2_[and Republican]""}","{-2.15061,-0.713363,-0.639947,-0.639947,-0.430815,-0.418747}"
NYT_ENG_20071120.0096.LDC2009T13_33_2-NYT_ENG_20071120.0096.LDC2009T13_33_24,NYT_ENG_20071120.0096.LDC2009T13_33,Cate Blanchett-Michelle Williams,f,"{Starring,:,Cate,Blanchett,"","",Heath,Ledger,"","",Christian,Bale,"","",Richard,Gere,"","",Marcus,Carl,Franklin,"","",Ben,Whishaw,"","",Charlotte,Gainsbourg,"","",Michelle,Williams,"","",Julianne,Moore}",2,2,24,2,2,"{STARTS_WITH_CAPITAL_[True_True],NER_L_1_R_1_[O]_[O],""NGRAM_1_[,]"",""NER_L_1_R_2_[O]_[O PERSON]"",NGRAM_1_[Richard],""NER_L_3_R_1_[PERSON O O]_[O]""}","{-2.15061,2.03006,-1.35882,-1.16971,-1.08655,-1.04654}"
eng-WL-107-174567-12933668_61_4-eng-WL-107-174567-12933668_61_28,eng-WL-107-174567-12933668_61,Tom Cruise-Jennifer Garner,f,"{From,Katie,Holmes,and,Tom,Cruise,'s,Suri,"","",and,Gwen,Stefani,and,Gavin,Rossdales,',son,Kingston,"","",to,Tiger,Woods,',daughter,"","",Sam,"","",and,Jennifer,Garner,and,Ben,Affleck,'s,daughter,Violet,"","",you,'ll,find,the,cutest,pics,in,this,cover,story,!}",4,2,28,2,2,"{KW_IND_[non_married],STARTS_WITH_CAPITAL_[True_True],NER_L_1_R_1_[O]_[O],NGRAM_1_[son],NGRAM_1_[Suri],LEMMA_L_1_R_1_[and]_[and]}","{-2.20027,-2.15061,2.03006,-1.99866,1.92146,-1.72326}"
APW_ENG_20080201.0294.LDC2009T13_1065_12-APW_ENG_20080201.0294.LDC2009T13_1065_24,APW_ENG_20080201.0294.LDC2009T13_1065,Diane Keaton-Stevie Wonder,f,"{Befitting,a,Hollywood,audience,"","",among,the,celebrities,in,the,theater,were,Diane,Keaton,"","",Jason,Alexander,"","",Pierce,Brosnan,"","",Rob,Reiner,"","",Stevie,Wonder,"","",Kate,Capshaw,"","",Steven,Spielberg,"","",Leonardo,DiCaprio,"","",Bradley,Whitford,and,Gary,Shandling,.}",12,2,24,2,2,"{STARTS_WITH_CAPITAL_[True_True],NER_L_1_R_1_[O]_[O],""NER_SEQ_[O PERSON PERSON O PERSON PERSON O PERSON PERSON O]"",""NGRAM_1_[,]"",NGRAM_1_[Jason],""NER_L_1_R_2_[O]_[O PERSON]""}","{-2.15061,2.03006,-1.39384,-1.35882,-1.17204,-1.16971}"
AFP_ENG_20070708.0074.LDC2009T13_9_37-AFP_ENG_20070708.0074.LDC2009T13_9_6,AFP_ENG_20070708.0074.LDC2009T13_9,Robert Mugabe-Judith Todd,f,"{Veteran,human,rights,activist,and,author,Judith,Todd,"","",daughter,of,former,South,Rhodesia,prime,minister,Garfield,Todd,"","",said,in,an,interview,published,Monday,that,she,was,raped,by,a,Zimbabwean,army,officer,after,criticising,President,Robert,Mugabe,'s,regime,.}",37,2,6,2,2,"{INV_KW_IND_[non_married],""INV_NGRAM_1_[,]"",INV_NGRAM_1_[she],""INV_NGRAM_2_[, say]"",INV_NGRAM_1_[daughter],INV_STARTS_WITH_CAPITAL_[True_True]}","{-2.56873,-1.42472,1.24168,-1.23404,-1.15946,-1.149}"
APW_ENG_20070527.0119.LDC2009T13_86_23-APW_ENG_20070527.0119.LDC2009T13_86_20,APW_ENG_20070527.0119.LDC2009T13_86,Shakira-Marc Anthony,f,"{Salgado,"","",also,known,as,Estefano,"","",has,worked,with,Latin,music,stars,including,Gloria,Estefan,"","",Jennifer,Lopez,"","",Marc,Anthony,"","",Shakira,"","",Ricky,Martin,"","",Enrique,Iglesias,and,Julio,Iglesias,.}",23,1,20,2,2,"{""INV_NGRAM_1_[,]"",""INV_BETW_D_[prep_including star prep_including]"",""INV_BETW_[prep_including star prep_including]"",INV_STARTS_WITH_CAPITAL_[True_True],""INV_BETW_L_[prep_including prep_including]"",""INV_NER_L_1_R_3_[O]_[O PERSON PERSON]""}","{-1.42472,1.18088,1.18088,-1.149,-0.653614,-0.602702}"
153990@36_0-153990@36_16,153990@36,Patricia Blagojevich-Amy,f,"{Patricia,Blagojevich,told,Chicago,Parent,magazine,last,month,that,she,did,not,want,her,daughters,"","",Amy,"","",12,"","",and,Annie,"","",5,"","",to,go,into,politics,.}",0,2,16,1,1,"{KW_IND_[non_married],STARTS_WITH_CAPITAL_[True_True],NER_L_1_R_1_[O]_[O],""NGRAM_1_[,]"",NGRAM_1_[she],""NGRAM_2_[that she]""}","{-2.20027,-2.15061,2.03006,-1.35882,1.35843,1.16141}"
73800@22_22-73800@22_27,73800@22,Mukasey-Mukasey,f,"{Sen.,Joseph,Biden,"","",D-Del,"","",the,only,2008,Democratic,presidential,candidate,on,the,Senate,Judiciary,Committee,"","",said,his,decision,about,Mukasey,'s,confirmation,would,await,Mukasey,'s,response,to,a,letter,asking,for,clarification,over,whether,an,interrogation,technique,known,as,waterboarding,that,simulates,drowning,would,constitute,torture,that,was,prohibited,under,U.S.,law,.}",22,1,27,1,1,"{STARTS_WITH_CAPITAL_[True_True],NER_L_1_R_1_[O]_[O],NGRAM_1_[would],""NER_SEQ_[O O O O]"",""NER_L_3_R_1_[O O O]_[O]"",NGRAM_1_['s]}","{-2.15061,2.03006,-1.80738,0.61324,0.488205,-0.482314}"
eng-NG-31-141957-9978830_728_31-eng-NG-31-141957-9978830_728_21,eng-NG-31-141957-9978830_728,Christian Siriano-Rob Schneider,f,"{The,panel,of,judges,for,Friday,'s,pageant,included,Heather,Mills,"","",model,and,former,wife,of,Paul,McCartney,;,comedian,Rob,Schneider,;,Olympic,gold-medal,swimmer,Amanda,Beard,;,and,Christian,Siriano,"","",winner,of,Bravo,'s,fashion,reality,series,"","",``,Project,Runway,.,''}",31,2,21,2,2,"{INV_NGRAM_1_[;],""INV_NGRAM_2_[; and]"",""INV_NER_L_3_R_1_[PERSON O TITLE]_[O]"",""INV_NER_L_3_R_3_[PERSON O TITLE]_[O O O]"",INV_STARTS_WITH_CAPITAL_[True_True],INV_NER_L_1_R_1_[TITLE]_[O]}","{-3.37177,-1.80979,-1.32769,-1.23975,-1.149,1.05752}"
59970@35_25-59970@35_0,59970@35,Adam Sandler-Kelsey Grammer,f,"{Kelsey,Grammer,gave,$,""4,600"",to,Rudolph,W.,Giuliani,"","",the,former,mayor,of,New,York,"","",for,the,primary,and,general,election,"","",while,Adam,Sandler,gave,him,$,""2,100"",.}",25,2,0,2,2,"{""INV_NGRAM_1_[,]"",INV_NGRAM_1_[while],""INV_NGRAM_2_[, for]"",INV_STARTS_WITH_CAPITAL_[True_True],""INV_NER_L_1_R_2_[O]_[O O]"",INV_NGRAM_1_[and]}","{-1.42472,-1.35471,-1.34844,-1.149,0.995178,-0.963997}"
133971@33_1-133971@33_13,133971@33,Palin-Palin,f,"{Mr.,Palin,acknowledged,that,he,met,with,the,commissioner,a,month,after,Ms.,Palin,'s,election,to,give,him,a,dossier,that,he,and,a,private,investigator,had,gathered,on,the,trooper,.}",1,1,13,1,1,"{STARTS_WITH_CAPITAL_[True_True],NER_L_1_R_1_[O]_[O],NGRAM_1_[meet],NGRAM_1_[with],NGRAM_1_[he],NGRAM_1_[after]}","{-2.15061,2.03006,1.28291,0.916859,0.786486,-0.734825}"
LTW_ENG_20070930.0004.LDC2009T13_136_17-LTW_ENG_20070930.0004.LDC2009T13_136_60,LTW_ENG_20070930.0004.LDC2009T13_136,Jay Leno-Rachael Ray,f,"{September,alone,saw,former,Tennessee,Sen.,Fred,Thompson,break,the,news,of,his,Republican,presidential,candidacy,to,Jay,Leno,"","",Sen.,Hillary,Rodham,Clinton,"","",D-N.Y.,"","",visit,a,diner,with,Ellen,DeGeneres,"","",Clinton,'s,husband,swap,healthy,eating,tips,with,Martha,Stewart,and,Elizabeth,Edwards,"","",the,wife,of,former,North,Carolina,Sen.,John,Edwards,"","",confide,in,Rachael,Ray,.}",17,2,60,2,2,"{NGRAM_1_[wife],NGRAM_1_[husband],STARTS_WITH_CAPITAL_[True_True],NER_L_1_R_1_[O]_[O],NGRAM_1_[Elizabeth],NGRAM_1_[Edwards]}","{5.01088,4.84841,-2.15061,2.03006,-1.97287,-1.48937}"
APW_ENG_20070724.1462.LDC2009T13_82_12-APW_ENG_20070724.1462.LDC2009T13_82_15,APW_ENG_20070724.1462.LDC2009T13_82,Sarah Silverman-Joshua Jackson,f,"{The,36-year-old,actor,--,along,with,Ben,Affleck,"","",Jennifer,Garner,"","",Sarah,Silverman,and,Joshua,Jackson,--,are,lending,star,power,to,a,new,campaign,aimed,at,putting,pressure,on,lawmakers,to,require,service,stations,to,sell,corn-based,ethanol,for,flexible-fuel,cars,.}",12,2,15,2,2,"{STARTS_WITH_CAPITAL_[True_True],NER_L_1_R_1_[O]_[O],""LEMMA_L_1_R_1_[,]_[--]"",LEMMA_SEQ_[and],""NER_L_3_R_2_[PERSON PERSON O]_[O O]"",""NER_L_2_R_1_[PERSON O]_[O]""}","{-2.15061,2.03006,-1.64701,1.56175,-0.979175,-0.905711}"
NYT_ENG_20080325.0185.LDC2009T13_8_35-NYT_ENG_20080325.0185.LDC2009T13_8_9,NYT_ENG_20080325.0185.LDC2009T13_8,Tony-Tony Parker,f,"{Last,year,"","",Pamela,Firestone,"","",the,mother,of,Tony,Parker,"","",the,San,Antonio,Spurs,point,guard,"","",went,rooting,through,her,home,in,Paris,and,dug,up,a,VHS,tape,of,a,9-year-old,Tony,on,a,Parisian,basketball,court,with,his,two,brothers,.}",35,1,9,2,2,"{INV_KW_IND_[non_married],INV_NGRAM_1_[Antonio],""INV_NGRAM_1_[,]"",INV_NGRAM_1_[she],INV_STARTS_WITH_CAPITAL_[True_True],""INV_NER_L_1_R_2_[O]_[O O]""}","{-2.56873,1.47844,-1.42472,1.24168,-1.149,0.995178}"
22968@21_0-22968@21_7,22968@21,Jenna Fischer-Pam,f,"{Jenna,Fischer,"","",who,plays,the,downtrodden,Pam,on,``,The,Office,"","",'',is,a,bit,underused,as,the,bad,couple,'s,nice,"","",non-skating,sister,.}",0,2,7,1,1,"{KW_IND_[non_married],STARTS_WITH_CAPITAL_[True_True],NER_L_1_R_1_[O]_[O],""NGRAM_1_[,]"",""BETW_L_[rcmod dobj]"",NGRAM_1_[play]}","{-2.20027,-2.15061,2.03006,-1.35882,1.35279,-0.865778}"
92111@2_0-92111@2_41,92111@2,Brenda Goodman-Bill Clinton,f,"{Brenda,Goodman,contributed,reporting,from,Atlanta,;,Katharine,Q.,Seelye,from,Charleston,"","",S.C.,;,and,Jeff,Zeleny,from,Columbia,"","",S.C.,Facing,formidable,support,for,Sen.,Barack,Obama,in,South,Carolina,"","",Sen.,Hillary,Rodham,Clinton,is,deploying,former,President,Bill,Clinton,there,while,she,shifts,her,attention,to,campaigning,in,states,with,nominating,contests,next,month,and,to,raising,money,.}",0,2,41,2,2,"{NGRAM_1_[;],""NGRAM_2_[; and]"",STARTS_WITH_CAPITAL_[True_True],NER_L_1_R_1_[O]_[O],""NGRAM_2_[former President]"",""NGRAM_2_[Rodham Clinton]""}","{-2.97312,-2.70902,-2.15061,2.03006,1.82538,-1.36853}"
NYT_ENG_20070621.0196.LDC2009T13_148_21-NYT_ENG_20070621.0196.LDC2009T13_148_18,NYT_ENG_20070621.0196.LDC2009T13_148,Dan Futterman-Daniel Pearl,f,"{Based,on,Mariane,Pearl,'s,book,of,the,same,title,"","",the,film,opens,shortly,after,""9\\/11"",as,Daniel,Pearl,-LRB-,Dan,Futterman,-RRB-,"","",a,reporter,for,The,Wall,Street,Journal,based,in,Pakistan,"","",and,his,pregnant,wife,"","",Mariane,--,also,a,journalist,--,are,preparing,to,leave,the,country,.}",21,2,18,2,2,"{INV_STARTS_WITH_CAPITAL_[True_True],""INV_BETW_L_[dep dep]"",""INV_NER_L_1_R_2_[O]_[O O]"",INV_WORD_SEQ_[-LRB-],INV_LEMMA_SEQ_[-lrb-],INV_POS_SEQ_[-LRB-]}","{-1.149,1.0885,0.995178,-0.653546,-0.653546,-0.653546}"
AFP_ENG_20080704.0521.LDC2009T13_696_34-AFP_ENG_20080704.0521.LDC2009T13_696_36,AFP_ENG_20080704.0521.LDC2009T13_696,Madonna-Tom Cruise,f,"{The,final,section,of,the,museum,is,almost,all,international,"","",where,in,a,space,made,to,look,like,a,nightclub,you,can,pretend,you,are,mingling,with,Brad,Pitt,and,Angelina,Jolie,"","",Madonna,"","",Tom,Cruise,"","",Madonna,and,Nicole,Kidmann,.}",34,1,36,2,2,"{STARTS_WITH_CAPITAL_[True_True],NER_L_1_R_1_[O]_[O],""NGRAM_1_[,]"",""NER_L_1_R_2_[O]_[O PERSON]"",""NER_L_2_R_1_[PERSON O]_[O]"",""BETW_L_[prep_with prep_with]""}","{-2.15061,2.03006,-1.35882,-1.16971,-0.905711,0.838684}"
LTW_ENG_20081009.0103.LDC2009T13_29_22-LTW_ENG_20081009.0103.LDC2009T13_29_4,LTW_ENG_20081009.0103.LDC2009T13_29,Christie Brinkley-Barbara Walters,f,"{--,Peter,Cook,telling,Barbara,Walters,why,he,'s,blabbing,--,in,violation,of,a,confidentiality,agreement,--,about,his,divorce,from,Christie,Brinkley,-LRB-,``,I,wanted,a,little,acknowledgment,...,a,little,thank-you,every,now,and,then,for,my,efforts,'',-RRB-,"","",his,affair,with,a,teenage,employee,and,that,$,""3,000-a-month"",Internet,porn,addiction,.}",22,2,4,2,2,"{INV_NGRAM_1_[divorce],""INV_NER_L_3_R_2_[PERSON PERSON O]_[O O]"",INV_STARTS_WITH_CAPITAL_[True_True],""INV_BETW_L_[dep dep]"",""INV_NGRAM_2_[divorce from]"",""INV_NER_L_1_R_2_[O]_[O O]""}","{2.05077,-1.19671,-1.149,1.0885,1.04721,0.995178}"
NYT_ENG_20071106.0117.LDC2009T13_34_3-NYT_ENG_20071106.0117.LDC2009T13_34_11,NYT_ENG_20071106.0117.LDC2009T13_34,Laila Ali-Muhammad Ali,f,"{That,'s,what,Laila,Ali,--,daughter,of,heavyweight,boxing,legend,Muhammad,Ali,--,knows,best,.}",3,2,11,2,2,"{KW_IND_[non_married],STARTS_WITH_CAPITAL_[True_True],NER_L_1_R_1_[O]_[O],""NGRAM_2_[daughter of]"",NGRAM_1_[--],""BETW_D_[dep DICT_non_married prep_of]""}","{-2.20027,-2.15061,2.03006,-1.5664,-0.8974,-0.79795}"
29316@14_22-29316@14_19,29316@14,Ron Paul-John McCain,f,"{The,debate,will,feature,Sam,Brownback,"","",Jim,Gilmore,"","",Rudy,Giuliani,"","",Mike,Huckabee,"","",Duncan,Hunter,"","",John,McCain,"","",Ron,Paul,"","",Mitt,Romney,"","",Tom,Tancredo,and,Tommy,Thompson,.}",22,2,19,2,2,"{""INV_NGRAM_1_[,]"",""INV_BETW_L_[conj_and conj_and]"",INV_STARTS_WITH_CAPITAL_[True_True],""INV_BETW_D_[conj_and Brownback conj_and]"",""INV_BETW_[conj_and Brownback conj_and]"",""INV_NER_L_1_R_3_[O]_[O PERSON PERSON]""}","{-1.42472,-1.25409,-1.149,-0.63338,-0.63338,-0.602702}"
75175@21_35-75175@21_23,75175@21,Michelle Obama-Cindy McCain,f,"{Giuliani,did,not,take,part,in,a,conference,in,California,on,Oct.,23,with,the,spouses,of,five,other,presidential,candidates,"","",including,Cindy,McCain,"","",Jeri,Thompson,"","",Ann,Romney,"","",Elizabeth,Edwards,and,Michelle,Obama,.}",35,2,23,2,2,"{INV_NGRAM_1_[Elizabeth],""INV_NGRAM_1_[,]"",""INV_LEMMA_L_2_R_1_[, include]_[.]"",INV_NGRAM_1_[Edwards],""INV_NER_L_3_R_1_[O O O]_[O]"",INV_STARTS_WITH_CAPITAL_[True_True]}","{-1.51216,-1.42472,1.34682,-1.31647,1.17156,-1.149}"
153688@41_61-153688@41_33,153688@41,Alfred Hitchcock-Vivien Leigh,f,"{As,Greene,grew,increasingly,well,known,"","",these,letters,fill,with,plummy,celebrity,cameos,:,he,spends,time,on,a,boat,with,Laurence,Olivier,-LRB-,Greene,calls,him,``,Larry,'',-RRB-,and,Vivien,Leigh,;,there,are,late,nights,in,Havana,with,Fidel,Castro,in,the,1960s,;,he,has,his,fortune,told,by,Truman,Capote,;,he,visits,with,Alfred,Hitchcock,"","",Havel,and,Waugh,.}",61,2,33,2,2,"{INV_NGRAM_1_[;],INV_NGRAM_1_[with],INV_NGRAM_1_[there],""INV_NER_L_3_R_1_[O O O]_[O]"",INV_STARTS_WITH_CAPITAL_[True_True],""INV_NGRAM_2_[he have]""}","{-3.37177,1.42247,-1.2585,1.17156,-1.149,-1.07426}"
eng-WL-11-174595-12968455_286_20-eng-WL-11-174595-12968455_286_17,eng-WL-11-174595-12968455_286,Carrie Underwood-Helen Mirren,f,"{The,movie,'s,stars,Amy,Adams,and,Patrick,Dempsey,were,joined,by,the,likes,of,celebs,like,Helen,Mirren,"","",Carrie,Underwood,"","",Idina,Menzel,and,her,hubby,Taye,Diggs,.}",20,2,17,2,2,"{""INV_NGRAM_1_[,]"",""INV_LEMMA_L_1_R_1_[like]_[,]"",""INV_NER_L_3_R_1_[O O O]_[O]"",INV_STARTS_WITH_CAPITAL_[True_True],""INV_BETW_L_[prep_like prep_like]"",""INV_NER_L_3_R_3_[O O O]_[O PERSON PERSON]""}","{-1.42472,-1.41501,1.17156,-1.149,0.977815,-0.722371}"
APW_ENG_20080825.0032.LDC2009T13_157_18-APW_ENG_20080825.0032.LDC2009T13_157_9,APW_ENG_20080825.0032.LDC2009T13_157,Angelina Jolie-Cate Blanchett,f,"{Brad,Pitt,reunites,with,old,pals,George,Clooney,and,Cate,Blanchett,in,two,films,"","",Clint,Eastwood,directs,Angelina,Jolie,in,one,drama,and,himself,in,another,"","",and,Oliver,Stone,takes,on,his,latest,president,with,a,George,W.,Bush,biopic,.}",18,2,9,2,2,"{""INV_NGRAM_1_[,]"",INV_LEMMA_L_1_R_1_[and]_[in],INV_STARTS_WITH_CAPITAL_[True_True],INV_NGRAM_1_[direct],""INV_NER_L_2_R_3_[PERSON O]_[O NUMBER O]"",""INV_NER_L_2_R_2_[PERSON O]_[O NUMBER]""}","{-1.42472,-1.27891,-1.149,-0.988562,-0.96567,-0.96567}"
eng-WL-11-174597-12966054_31_6-eng-WL-11-174597-12966054_31_11,eng-WL-11-174597-12966054_31,Jessica Biel-Jennifer Lopez,f,"{This,time,around,she,photographed,:,Jessica,Biel,as,Pocahontas,"","",Jennifer,Lopez,as,Jasmine,"","",Marc,Anthony,as,Aladdin,"","",Gisele,Bundchen,as,Wendy,Darling,"","",Tina,Fey,as,Tinkerbell,"","",and,Mikhail,Baryshnikov,as,Peter,Pan,.}",6,2,11,2,2,"{STARTS_WITH_CAPITAL_[True_True],NER_L_1_R_1_[O]_[O],""NGRAM_1_[,]"",NGRAM_1_[as],""NER_L_1_R_2_[O]_[O PERSON]"",""NER_L_2_R_3_[O O]_[O PERSON O]""}","{-2.15061,2.03006,-1.35882,-1.19216,-1.16971,-1.02431}"
AFP_ENG_20081016.0768.LDC2009T13_550_0-AFP_ENG_20081016.0768.LDC2009T13_550_6,AFP_ENG_20081016.0768.LDC2009T13_550,Madonna-Madonna Louise Ciccone,f,"{Madonna,--,her,full,name,is,Madonna,Louise,Ciccone,--,was,previously,married,to,US,actor,Sean,Penn,from,1985,to,1989,.}",0,1,6,3,3,"{STARTS_WITH_CAPITAL_[True_True],NER_L_1_R_1_[O]_[O],NGRAM_1_[she],NGRAM_1_[name],NGRAM_1_[--],LEMMA_L_1_R_1_[.]_[--]}","{-2.15061,2.03006,1.35843,-1.19429,-0.8974,-0.896885}"
135683@30_2-135683@30_50,135683@30,George Clooney-Elizabeth Marvel,f,"{WITH,:,George,Clooney,-LRB-,Harry,Pfarrer,-RRB-,"","",Frances,McDormand,-LRB-,Linda,Litzke,-RRB-,"","",Brad,Pitt,-LRB-,Chad,Feldheimer,-RRB-,"","",John,Malkovich,-LRB-,Osborne,Cox,-RRB-,"","",Tilda,Swinton,-LRB-,Katie,Cox,-RRB-,"","",Richard,Jenkins,-LRB-,Ted,-RRB-,"","",CIA,Superior,-LRB-,J.K.,Simmons,-RRB-,and,Elizabeth,Marvel,-LRB-,Sandy,Pfarrer,-RRB-,.}",2,2,50,2,2,"{STARTS_WITH_CAPITAL_[True_True],NER_L_1_R_1_[O]_[O],""NGRAM_1_[,]"",NGRAM_1_[Katie],""NER_L_1_R_2_[O]_[O PERSON]"",""NGRAM_2_[-rrb- ,]""}","{-2.15061,2.03006,-1.35882,-1.33625,-1.16971,-1.08955}"
AFP_ENG_20070924.0282.LDC2009T13_45_34-AFP_ENG_20070924.0282.LDC2009T13_45_42,AFP_ENG_20070924.0282.LDC2009T13_45,Marine Le Pen-Jean-Marie Le Pen,f,"{``,It,is,the,responsibility,of,the,FN,--,which,seems,to,be,France,'s,only,opposition,force,--,to,open,the,eyes,of,our,fellow,citizens,"","",'',said,party,vice,-,president,Marine,Le,Pen,"","",daughter,of,its,leader,Jean-Marie,Le,Pen,.}",34,3,42,3,3,"{KW_IND_[non_married],STARTS_WITH_CAPITAL_[True_True],""NER_SEQ_[O O O O TITLE]"",NER_L_1_R_1_[TITLE]_[O],""NGRAM_2_[daughter of]"",""NGRAM_1_[,]""}","{-2.20027,-2.15061,2.00825,1.86495,-1.5664,-1.35882}"
NYT_ENG_20070511.0090.LDC2009T13_247_8-NYT_ENG_20070511.0090.LDC2009T13_247_46,NYT_ENG_20070511.0090.LDC2009T13_247,Darlene Mowry-Tahj Mowry,f,"{Deliciously,blunt,and,honest,when,she,speaks,"","",Darlene,Mowry,has,her,hands,full,managing,the,careers,of,her,twin,daughters,"","",who,got,their,TV,start,on,the,separated-at-birth,sitcom,``,Sister,"","",Sister,'',and,her,son,"","",the,twins,',younger,brother,"","",Tahj,Mowry,-LRB-,``,Smart,Guy,'',-RRB-,.}",8,2,46,2,2,"{KW_IND_[non_married],STARTS_WITH_CAPITAL_[True_True],NER_L_1_R_1_[O]_[O],NGRAM_1_[son],NGRAM_1_[brother],NGRAM_1_[they]}","{-2.20027,-2.15061,2.03006,-1.99866,-1.83191,-1.50849}"
eng-WL-11-174573-12960293_5670_20-eng-WL-11-174573-12960293_5670_15,eng-WL-11-174573-12960293_5670,Leona McCauley-Rosa Parks,f,"{Later,that,year,"","",at,the,urging,of,her,younger,brother,Sylvester,"","",Raymond,and,Rosa,Parks,and,her,mother,Leona,McCauley,moved,to,Detroit,"","",Michigan,.}",20,2,15,2,2,"{INV_KW_IND_[non_married],""INV_BETW_L_[conj_and conj_and]"",INV_NGRAM_1_[she],""INV_NER_L_1_R_3_[O]_[O O CITY]"",INV_STARTS_WITH_CAPITAL_[True_True],""INV_NER_L_1_R_2_[O]_[O O]""}","{-2.56873,-1.25409,1.24168,1.16433,-1.149,0.995178}"
38947@0_49-38947@0_43,38947@0,Leslie Mann-Katherine Heigl,f,"{TRUE,LOVE,"","",FAMILY,VALUES,ALIVE,IN,`,KNOCKED,UP,',IN,-LCB-,LSQUO,-RCB-,KNOCKED,UP,"","",',FAMILY,VALUES,GET,A,TWIST,MISMATCHPRODUCESLAUGHS,AND,LOVE,SURPRISEFAMILY,LOVE,Knocked,Up,Written,and,directed,by,:,Judd,Apatow,Starring,:,Seth,Rogen,"","",Katherine,Heigl,"","",Paul,Rudd,"","",Leslie,Mann,Running,time,:,129,minutes,Rated,:,R,-LRB-,Sexual,content,"","",drug,use,"","",language,-RRB-,``,The,40-Year-Old,Virgin,'',and,his,new,``,Knocked,Up,'',make,writer,-,director,Judd,Apatow,today,'s,preeminent,creator,of,low-concept,sex,comedies,.}",49,2,43,2,2,"{""INV_NGRAM_1_[,]"",""INV_NER_L_3_R_2_[PERSON PERSON O]_[O O]"",INV_STARTS_WITH_CAPITAL_[True_True],""INV_NER_L_1_R_2_[O]_[O O]"",INV_NGRAM_1_[Paul],""INV_NER_L_2_R_2_[PERSON O]_[O O]""}","{-1.42472,-1.19671,-1.149,0.995178,-0.69169,-0.603476}"
APW_ENG_20080122.0751.LDC2009T13_311_7-APW_ENG_20080122.0751.LDC2009T13_311_32,APW_ENG_20080122.0751.LDC2009T13_311,Paul Thomas Anderson-Tony Gilroy,f,"{The,nominees,for,best,director,were,:,Paul,Thomas,Anderson,"","",``,There,Will,Be,Blood,'',;,Ethan,Coen,and,Joel,Coen,"","",``,No,Country,for,Old,Men,'',;,Tony,Gilroy,"","",``,Michael,Clayton,'',;,Jason,Reitman,"","",``,Juno,'',;,and,Julian,Schnabel,"","",``,The,Diving,Bell,and,the,Butterfly,.,''}",7,3,32,2,2,"{NGRAM_1_[;],STARTS_WITH_CAPITAL_[True_True],NER_L_1_R_1_[O]_[O],""LEMMA_L_1_R_2_[:]_[, ``]"",""NER_L_1_R_3_[O]_[O O PERSON]"",""NGRAM_1_[,]""}","{-2.97312,-2.15061,2.03006,-1.65332,-1.62449,-1.35882}"
NYT_ENG_20070414.0059.LDC2009T13_709_11-NYT_ENG_20070414.0059.LDC2009T13_709_17,NYT_ENG_20070414.0059.LDC2009T13_709,Mary-Debbie Reynolds,f,"{Nelson,'s,movie,credits,also,include,the,1963,adaptation,of,``,Mary,"","",Mary,"","",'',with,Debbie,Reynolds,in,the,Barbara,Bel,Geddes,role,"","",and,the,1970,disaster,film,``,Airport,"","",'',in,which,he,played,an,airline,captain,.}",11,1,17,2,2,"{STARTS_WITH_CAPITAL_[True_True],NER_L_1_R_1_[O]_[O],""NER_L_1_R_3_[O]_[O O PERSON]"",NGRAM_1_[Mary],""NER_SEQ_[O PERSON O O O]"",""NGRAM_1_[,]""}","{-2.15061,2.03006,-1.62449,-1.44685,-1.40979,-1.35882}"
XIN_ENG_20071017.0015.LDC2009T13_199_17-XIN_ENG_20071017.0015.LDC2009T13_199_21,XIN_ENG_20071017.0015.LDC2009T13_199,Nicole-Stephanie,f,"{``,On,behalf,of,this,house,I,wish,to,pass,on,our,deepest,condolences,to,his,wife,Nicole,and,their,daughters,Stephanie,and,Hannah,"","",the,love,and,center,of,his,life,"","",'',she,said,.}",17,1,21,1,1,"{KW_IND_[non_married],STARTS_WITH_CAPITAL_[True_True],NER_L_1_R_1_[O]_[O],NGRAM_1_[they],""NER_L_1_R_2_[O]_[O PERSON]"",""NGRAM_2_[and they]""}","{-2.20027,-2.15061,2.03006,-1.50849,-1.16971,-1.02707}"
60823@31_29-60823@31_9,60823@31,Elmore Leonard-James Mangold,f,"{PRODUCTION,NOTES,',3:10,TO,YUMA,',Directed,by,James,Mangold,;,written,by,Halsted,Welles,"","",Michael,Brandt,and,Derek,Haas,"","",based,on,a,short,story,by,Elmore,Leonard,;,director,of,photography,"","",Phedon,Papamichael,;,edited,by,Michael,McCusker,;,music,by,Marco,Beltrami,;,production,designer,"","",Andrew,Menzies,;,produced,by,Cathy,Konrad,;,released,by,Lionsgate,.}",29,2,9,2,2,"{INV_NGRAM_1_[;],""INV_NGRAM_1_[,]"",""INV_NER_L_3_R_2_[O O O]_[O O]"",INV_NGRAM_1_[Michael],""INV_NER_L_3_R_1_[O O O]_[O]"",INV_STARTS_WITH_CAPITAL_[True_True]}","{-3.37177,-1.42472,-1.22689,-1.20088,1.17156,-1.149}"
APW_ENG_20080922.1406.LDC2009T13_99_36-APW_ENG_20080922.1406.LDC2009T13_99_19,APW_ENG_20080922.1406.LDC2009T13_99,Katharine Hepburn-Nancy Sinatra,f,"{The,press,knew,nothing,about,their,relationship,and,neither,did,most,of,Hollywood,"","",except,for,such,friends,as,Nancy,Sinatra,"","",the,first,wife,of,Frank,Sinatra,;,and,Spencer,Tracy,"","",whose,bond,with,Katharine,Hepburn,was,the,ultimate,show,business,secret,.}",36,2,19,2,2,"{INV_NGRAM_1_[wife],INV_NGRAM_1_[;],""INV_NGRAM_2_[; and]"",""INV_NGRAM_2_[wife of]"",""INV_NGRAM_1_[,]"",INV_NGRAM_1_[with]}","{3.74889,-3.37177,-1.80979,1.43337,-1.42472,1.42247}"
NYT_ENG_20070323.0198.LDC2009T13_151_4-NYT_ENG_20070323.0198.LDC2009T13_151_13,NYT_ENG_20070323.0198.LDC2009T13_151,June Collison-Darren Collison,f,"{Now,"","",she,is,June,Collison,"","",the,mother,of,UCLA,point,guard,Darren,Collison,"","",who,will,start,in,the,West,Regional,final,Saturday,against,Kansas,.}",4,2,13,2,2,"{""BETW_D_[appos DICT_non_married prep_of]"",KW_IND_[non_married],STARTS_WITH_CAPITAL_[True_True],NER_L_1_R_1_[O]_[O],""NGRAM_1_[,]"",""BETW_L_[appos prep_of]""}","{-3.08534,-2.20027,-2.15061,2.03006,-1.35882,1.13883}"
NYT_ENG_20071029.0305.LDC2009T13_968_17-NYT_ENG_20071029.0305.LDC2009T13_968_24,NYT_ENG_20071029.0305.LDC2009T13_968,Conway Twitty-George Jones,f,"{The,two,are,seen,as,the,forerunners,of,other,country,duets,like,those,of,Loretta,Lynn,and,Conway,Twitty,"","",and,Tammy,Wynette,and,George,Jones,.}",17,2,24,2,2,"{STARTS_WITH_CAPITAL_[True_True],NER_L_1_R_1_[O]_[O],""BETW_[conj_and Lynn conj_and]"",""BETW_D_[conj_and Lynn conj_and]"",LEMMA_L_1_R_1_[and]_[.],""NGRAM_1_[,]""}","{-2.15061,2.03006,1.79802,1.79802,1.49832,-1.35882}"
95208@7_40-95208@7_31,95208@7,John McCain-Mike Murphy,f,"{On,``,Meet,the,Press,'',on,Sunday,"","",viewers,instead,met,the,strategists,:,Robert,Shrum,"","",a,Democratic,consultant,and,Sen.,John,Kerry,'s,senior,strategist,in,2004,;,Mike,Murphy,"","",a,consultant,who,worked,for,Sen.,John,McCain,in,2004,;,Mary,Matalin,"","",who,worked,for,President,Bush,and,Vice,President,Dick,Cheney,;,and,her,husband,"","",James,Carville,"","",an,adviser,to,President,Bill,Clinton,.}",40,2,31,2,2,"{""INV_NGRAM_1_[,]"",INV_STARTS_WITH_CAPITAL_[True_True],""INV_NER_SEQ_[O O O O O O O]"",""INV_NER_L_2_R_1_[DATE O]_[O]"",IS_INVERTED,INV_NGRAM_1_[work]}","{-1.42472,-1.149,0.972141,0.669548,0.57978,-0.574877}"
APW_ENG_20070806.0870.LDC2009T13_401_27-APW_ENG_20070806.0870.LDC2009T13_401_30,APW_ENG_20070806.0870.LDC2009T13_401,Barbara Walters-Conan O'Brien,f,"{Other,high-profile,New,Yorkers,who,have,been,called,to,serve,over,the,years,include,Spike,Lee,"","",Woody,Allen,"","",Sarah,Jessica,Parker,"","",Matthew,Broderick,"","",Barbara,Walters,"","",Conan,O'Brien,"","",news,anchor,Ann,Curry,"","",singer,Roseanne,Cash,"","",sex,therapist,Dr.,Ruth,Westheimer,and,Eliot,Spitzer,"","",before,he,became,governor,.}",27,2,30,2,2,"{STARTS_WITH_CAPITAL_[True_True],NER_L_1_R_1_[O]_[O],""NGRAM_1_[,]"",""NER_L_3_R_2_[PERSON PERSON O]_[O O]"",""NER_L_2_R_1_[PERSON O]_[O]"",""BETW_L_[dep dep]""}","{-2.15061,2.03006,-1.35882,-0.979175,-0.905711,0.727786}"
APW_ENG_20070121.0394.LDC2009T13_119_0-APW_ENG_20070121.0394.LDC2009T13_119_3,APW_ENG_20070121.0394.LDC2009T13_119,Bob Bryan-Mike Bryan,f,"{Bob,Bryan,and,Mike,Bryan,-LRB-,1,-RRB-,"","",United,States,"","",vs.,Wesley,Moodie,"","",South,Africa,"","",and,Todd,Perry,-LRB-,13,-RRB-,"","",Australia}",0,2,3,2,2,"{STARTS_WITH_CAPITAL_[True_True],LEMMA_SEQ_[and],POS_SEQ_[CC],NER_SEQ_[O],WORD_SEQ_[and],NGRAM_1_[and]}","{-2.15061,1.56175,0.724491,0.474,0.472517,-0.32671}"
APW_ENG_20080704.1108.LDC2009T13_461_12-APW_ENG_20080704.1108.LDC2009T13_461_54,APW_ENG_20080704.1108.LDC2009T13_461,Donald Trump-Donald,f,"{The,public,also,had,a,front-row,seat,to,the,marital,breakups,of,Donald,Trump,"","",first,from,Ivana,in,1988,and,then,again,nearly,a,decade,later,after,a,""31\\/2"",-,year,marriage,to,actress,Marla,Maples,"","",--,who,"","",the,New,York,Post,said,"","",had,bragged,to,a,friend,that,the,Donald,was,``,the,best,sex,I,ever,had,.,''}",12,2,54,1,1,"{NGRAM_1_[marriage],""NGRAM_2_[marriage to]"",STARTS_WITH_CAPITAL_[True_True],NER_L_1_R_1_[O]_[O],NGRAM_1_[friend],LEMMA_L_1_R_1_[of]_[be]}","{2.28325,2.15837,-2.15061,2.03006,-1.76153,-1.69886}"
eng-WL-107-174567-12933663_32_29-eng-WL-107-174567-12933663_32_40,eng-WL-107-174567-12933663_32,Nicky-David Foster,f,"{Wort,out,is,that,she,has,officially,broken,the,seal,on,her,party,cap,"","",as,she,hit,Les,Deux,on,Friday,night,fro,some,girl,time,with,sister,Nicky,and,her,friend,Erin,Foster,-LRB-,daughter,of,music,producer,David,Foster,-RRB-,.}",29,1,40,2,2,"{KW_IND_[non_married],STARTS_WITH_CAPITAL_[True_True],NER_L_1_R_1_[TITLE]_[O],NGRAM_1_[friend],""NGRAM_2_[daughter of]"",NGRAM_1_[she]}","{-2.20027,-2.15061,1.86495,-1.76153,-1.5664,1.35843}"
APW_ENG_20070824.0444.LDC2009T13_368_10-APW_ENG_20070824.0444.LDC2009T13_368_0,APW_ENG_20070824.0444.LDC2009T13_368,Salim Khan-Salman Khan,f,"{Salman,Khan,"","",the,eldest,son,of,famous,Bollywood,scriptwriter,Salim,Khan,"","",became,a,household,name,with,his,second,film,``,Maine,Pyar,Kiya,"","",'',or,``,I,Have,Loved,'',in,1989,"","",followed,by,one,of,the,biggest,hits,of,the,1990s,"","",``,Hum,Aapke,Hain,Kaun,"","",'',or,``,What,Am,I,To,You,.,''}",10,2,0,2,2,"{INV_KW_IND_[non_married],INV_NGRAM_1_[son],""INV_NGRAM_2_[son of]"",""INV_NGRAM_1_[,]"",""INV_NER_L_3_R_2_[O O O]_[O O]"",""INV_NER_L_3_R_1_[O O O]_[O]""}","{-2.56873,-1.94523,-1.7155,-1.42472,-1.22689,1.17156}"
NYT_ENG_20080302.0020.LDC2009T13_519_32-NYT_ENG_20080302.0020.LDC2009T13_519_20,NYT_ENG_20080302.0020.LDC2009T13_519,John-Mike Todd,f,"{At,its,peak,"","",Acapulco,was,a,haunt,of,Frank,Sinatra,and,the,Rat,Pack,"","",where,Elizabeth,Taylor,married,Mike,Todd,-LRB-,the,third,of,her,eight,weddings,-RRB-,"","",and,John,and,Jacqueline,Kennedy,headed,for,their,honeymoon,-LRB-,as,did,a,young,Bill,and,Hillary,Clinton,-RRB-,.}",32,1,20,2,2,"{""INV_NGRAM_1_[,]"",INV_NGRAM_1_[wedding],INV_NGRAM_1_[she],INV_STARTS_WITH_CAPITAL_[True_True],""INV_NGRAM_2_[of she]"",""INV_BETW_L_[dep dep]""}","{-1.42472,1.34721,1.24168,-1.149,1.13873,1.0885}"
40565@35_8-40565@35_17,40565@35,Jimmy LaFave-Jimmy LaFave,f,"{-,Joe,Gross,"","",Austin,American-Statesman,Artist,:,Jimmy,LaFave,CD,title,:,``,Cimarron,Manifesto,'',Jimmy,LaFave,'s,been,around,long,enough,to,know,that,you,always,lead,with,your,strongest,stuff,"","",and,the,opening,trio,of,``,Car,Outside,"","",'',a,dreamy,refocusing,of,Donovan,'s,``,Catch,the,Wind,'',and,the,political,``,This,Land,"","",'',in,which,the,Woody,Guthrie,acolyte,asks,for,his,country,back,"","",gets,this,greyhound,sprinting,.}",8,2,17,2,2,"{STARTS_WITH_CAPITAL_[True_True],NER_L_1_R_1_[O]_[O],NGRAM_1_[:],LEMMA_L_1_R_1_[:]_['s],NGRAM_1_[``],NGRAM_1_['']}","{-2.15061,2.03006,-1.06111,0.774301,-0.606313,0.545854}"
eng-WL-11-174583-12935518_60_29-eng-WL-11-174583-12935518_60_0,eng-WL-11-174583-12935518_60,Oprah Winfrey-Ellen,f,"{Ellen,and,Portia,received,31,%,of,the,vote,"","",nine,points,above,runner-up,Jennifer,Aniston,"","",followed,by,Rachael,Ray,"","",Angelina,Jolie,and,Brad,Pitt,"","",and,Oprah,Winfrey,.}",29,2,0,1,1,"{INV_LEMMA_L_1_R_1_[.]_[.],INV_NGRAM_1_[Jennifer],""INV_NGRAM_1_[,]"",INV_STARTS_WITH_CAPITAL_[True_True],INV_NGRAM_1_[and],INV_NGRAM_1_[by]}","{2.46408,-1.63074,-1.42472,-1.149,-0.963997,-0.962593}"
