relation_id,sentence_id,description,expectation,words,p1_start,p1_length,p2_start,p2_length,features,weights,is_true
154431@1_60-154431@1_63,154431@1,Janet Hunter-St. Pete Beach Erin Isaac,0.978,"{Marty,Fiorentino,"","",lobbyist,and,campaign,supporter,J.,Charles,Gray,"","",chairman,at,GrayRobinson,law,firm,Jim,Greer,"","",Republican,Party,chairman,Lew,Hay,"","",CEO,of,Florida,Power,&,amp,;,Light,Watson,Haynes,"","",Pinellas,politico,Rich,Heffley,"","",Tallahassee,lobbyist,Paul,Huck,Jr.,of,Miami,"","",legal,adviser,Sherrill,Hudson,"","",CEO,of,TECO,Dr.,Bill,and,Janet,Hunter,"","",St.,Pete,Beach,Erin,Isaac,"","",Crist,'s,current,communications,director,Manny,Kadre,"","",an,old,friend,Chris,Kise,"","",a,Tallahassee,lawyer,and,unpaid,adviser,Tom,Kuntz,"","",chief,executive,officer,at,SunTrust,Carl,Kuttler,Jr.,"","",St.,Petersburg,College,president,George,LeMieux,"","",Crist,'s,former,chief,of,staff,Former,U.S.,Sen.,Connie,Mack,"","",Crist,'s,former,boss,U.S.,Rep.,Connie,Mack,IV,"","",R-Fla,.}",60,2,63,5,"{num_words_between=1,""word_between=,""}","{2.74127,-0.438738}",\N
82383@26_20-82383@26_44,82383@26,Hank Azaria-Randy Travis,0.994,"{Former,Sen.,John,Edwards,of,North,Carolina,-,Don,Henley,"","",Larry,David,"","",Seth,Green,"","",Gary,Cole,"","",Hank,Azaria,"","",James,Denton,"","",Jean,Smart,"","",Richard,Gilliland,"","",Tony,Shalhoub,Gov.,Bill,Richardson,of,New,Mexico,-,Rob,Reiner,"","",Randy,Travis,"","",Al,Unser,"","",Barry,Switzer,"","",Val,Kilmer,"","",Jimmy,Smits,Sen.,Chris,Dodd,of,Connecticut,-,Steve,Martin,"","",Paul,Newman,"","",Lorne,Michaels,"","",Paul,Simon,"","",Elisabeth,Shue,"","",Michael,Douglas,.}",20,2,44,2,"{word_between=Bill,word_between=Tony,word_between=Richardson,word_between=Richard,word_between=New,num_words_between=22,""word_between=,"",word_between=James,word_between=Reiner,word_between=Rob,word_between=-,word_between=Mexico,word_between=of,word_between=Jean,word_between=Gov.,word_between=Gilliland,word_between=Denton,word_between=Shalhoub,word_between=Smart}","{-1.58548,1.45956,1.26088,1.04475,0.630963,0.45178,-0.438738,-0.347285,-0.333577,0.324225,0.30644,0.233578,0.223005,-0.139167,-0.0108343,0,0,0,0}",\N
39154@3_62-39154@3_49,39154@3,Tony Curtis-Nat King Cole,0.934,"{Seawell,'s,subjects,"","",who,sat,for,him,in,the,pre-paparazzi,days,"","",when,photographers,tried,to,make,stars,look,their,best,"","",included,almost,everyone,who,was,someone,in,movies,and,music,from,the,1940s,through,the,1980s,:,Elizabeth,Taylor,"","",Gregory,Peck,"","",Sophia,Loren,"","",Nat,King,Cole,"","",Janet,Leigh,"","",Jayne,Mansfield,"","",Audrey,Hepburn,"","",Tony,Curtis,"","",Paul,Newman,"","",Eva,Gardner,"","",Joan,Collins,"","",and,Diana,Ross,.}",62,2,49,3,"{num_words_between=10,""word_between=,"",word_between=Leigh,word_between=Audrey,word_between=Mansfield,word_between=Hepburn,word_between=Jayne,word_between=Janet}","{1.17943,-0.438738,-0.336649,0.288389,0.288389,0.288389,0.288389,-0.0518213}",\N
110645@8_26-110645@8_17,110645@8,Goold-Kate Fleetwood,0.964,"{He,even,had,notes,for,Macbeth,"","",played,by,Patrick,Stewart,"","",and,for,Lady,Macbeth,"","",Kate,Fleetwood,"","",who,happens,to,be,married,to,Goold,.}",26,1,17,2,"{word_between=married,num_words_between=7,word_between=be,""word_between=,"",word_between=who,word_between=to,word_between=happens}","{1.81747,1.394,-0.598056,-0.438738,-0.165724,0.00318796,0}",\N
27078@15_20-27078@15_13,27078@15,Noah Danby-Rob Stewart,0.988,"{WITH,:,Kristanna,Loken,-LRB-,Jane,Vasko,"","",aka,Painkiller,Jane,-RRB-,"","",Rob,Stewart,-LRB-,Andre,McBride,-RRB-,"","",Noah,Danby,-LRB-,Connor,King,-RRB-,"","",Sean,Owen,Roberts,-LRB-,Riley,Jensen,-RRB-,"","",Stephen,Lobo,-LRB-,Dr.,Seth,Carpenter,-RRB-,"","",Nathaniel,Deveaux,-LRB-,Joe,Waterman,-RRB-,"","",Alaina,Huffman,-LRB-,Maureen,Bowers,-RRB-,.}",20,2,13,2,"{word_between=-RRB-,num_words_between=5,""word_between=,"",word_between=Andre,word_between=McBride,word_between=-LRB-}","{1.60961,1.22389,-0.438738,0.324225,0.324225,0.0972702}",\N
143008@34_10-143008@34_13,143008@34,Lucille Ball-Desi Arnaz,0.994,"{The,show,was,the,last,in,the,long,partnership,of,Lucille,Ball,and,Desi,Arnaz,;,their,marriage,had,crumbled,and,they,were,no,longer,speaking,on,the,set,.}",10,2,13,2,"{num_words_between=1,word_between=and}","{2.74127,0.838963}",t
16149@49_26-16149@49_11,16149@49,Bill Clinton-Tony,0.99,"{Brothers,',roles,Hillary,Rodham,Clinton,'s,brothers,"","",Hugh,and,Tony,"","",have,received,payments,from,four,people,who,obtained,pardons,or,commutations,from,President,Bill,Clinton,.}",26,2,11,1,"{word_between=President,word_between=obtained,word_between=commutations,word_between=have,word_between=payments,""word_between=,"",word_between=or,word_between=received,word_between=from,word_between=pardons,num_words_between=14,word_between=who,word_between=people,word_between=four}","{1.12738,0.754643,0.754643,0.725365,0.702457,-0.438738,-0.436603,0.416669,-0.359137,0.302933,-0.297733,-0.165724,0.144599,-0.0849161}",\N
154431@2_41-154431@2_12,154431@2,Vivian Myrtetus-Mack,0.996,"{U.S.,Rep.,Mary,Bono,Mack,"","",R-Calif.,"","",wife,of,the,younger,Mack,and,widow,of,Sonny,Bono,Former,Republican,Gov.,Bob,Martinez,Roberto,Martinez,"","",former,U.S.,attorney,from,Miami,Attorney,General,Bill,McCollum,John,McKay,"","",former,Senate,president,Vivian,Myrtetus,"","",Crist,'s,former,communications,director,Chris,and,Fay,Nielsen,"","",longtime,St.,Petersburg,residents,and,philanthropists,Ken,Pruitt,"","",former,Senate,president,David,Rancourt,"","",Tallahassee,lobbyist,Jim,Rimes,"","",GOP,executive,director,Geraldo,Rivera,"","",Fox,newsman,-LRB-,Crist,came,to,his,mother,'s,85th,birthday,-RRB-,State,Rep.,Darryl,Rouson,and,wife,"","",Angela,Harry,Sargeant,III,"","",a,Boca,Raton,businessman,and,Republican,fundraiser,Jim,Scott,"","",former,Senate,president,Brent,and,Debbie,Sembler,"","",Pinellas,Park,Kathleen,Shanahan,"","",former,chief,of,staff,for,Gov.,Jeb,Bush,and,Vice,President,Dick,Cheney,Matt,Silverman,"","",Tampa,Bay,Rays,president,Gus,Stavros,"","",founder,of,the,Pinellas,Education,Foundation,Stuart,Sternberg,"","",Tampa,Bay,Rays,principal,owner,John,Stross,"","",real,estate,developer,"","",owner,of,Leverock,'s,restaurant,St.,Petersburg,Times,chairman,"","",CEO,and,editor,Paul,Tash,and,wife,"","",Karyn,"","",St.,Petersburg,Carl,Troup,"","",governor,'s,barber,U.S.,Rep.,Robert,Wexler,"","",D-Boca,Raton,Jill,Zarin,"","",friend,of,Rome,and,cast,member,of,the,Bravo,television,series,The,Real,Housewives,of,New,York,City}",41,2,12,1,"{word_between=widow,word_between=Bill,word_between=U.S.,word_between=president,word_between=John,word_between=and,word_between=Bob,word_between=former,word_between=Former,word_between=Miami,word_between=Republican,word_between=Attorney,word_between=General,""word_between=,"",num_words_between=28,word_between=from,word_between=of,word_between=McKay,word_between=Senate,word_between=Gov.,word_between=attorney,word_between=Martinez,word_between=McCollum,word_between=Roberto,word_between=Sonny,word_between=Bono}","{1.93563,-1.58548,-0.947812,0.883282,-0.855172,0.838963,0.726775,0.716,0.565385,-0.503023,0.452104,0.441654,0.441654,-0.438738,0.367952,-0.359137,0.223005,-0.0912539,-0.0182803,-0.0108343,-0.00876302,0,0,0,0,0}",\N
153946@38_157-153946@38_141,153946@38,Scott Thomas-Saunders,0.962,"{WITH,:,Guy,Adkins,-LRB-,John,Wilkes,Booth,"","",Robert,E.,Lee,"","",William,Tecumseh,Sherman,-RRB-,"","",Justin,Blanchard,-LRB-,Chester,"","",Manton,Saunders,"","",Hay,"","",John,Surratt,-RRB-,"","",Susannah,Flood,-LRB-,Raz,"","",Anna,Surratt,-RRB-,"","",J.D.,Goldblatt,-LRB-,Ely,Parker,"","",Silver,"","",Frederick,Wormley,"","",Moses,Levy,-RRB-,"","",Brian,Tyree,Henry,-LRB-,Willy,Mack,"","",Walker,Lewis,"","",Jim,Wormley,-RRB-,"","",Marc,Damon,Johnson,-LRB-,Decatur,Bronson,"","",James,Wormley,-RRB-,"","",Bianca,LaVerne,Jones,-LRB-,Hannah,"","",Rose,"","",Aggy,-RRB-,"","",Ora,Jones,-LRB-,Elizabeth,Keckley,"","",Mrs.,Thomas,-RRB-,"","",Drew,McVety,-LRB-,Henry,Wadsworth,Longfellow,"","",Ulysses,S.,Grant,"","",Ward,Hill,Lamon,-RRB-,"","",Jay,Russell,-LRB-,Abraham,Lincoln,"","",Walt,Whitman,-RRB-,"","",Rachel,Shapiro,Alderman,-LRB-,Nicolay,"","",Mary,Surratt,"","",Clara,Barton,"","",Widow,Saunders,-RRB-,"","",Diane,Sutherland,-LRB-,Mary,Todd,Lincoln,"","",Secretary,of,War,Stanton,-RRB-,"","",Scott,Thomas,-LRB-,Lewis,Payne,"","",Mosby,Raider,-RRB-,"","",Faith,Philpot,and,Malenky,Welsh,-LRB-,Jessa,"","",Little,Joe,-RRB-,.}",157,2,141,1,"{word_between=-RRB-,num_words_between=15,word_between=Diane,word_between=Lincoln,word_between=Todd,word_between=Mary,""word_between=,"",word_between=Sutherland,word_between=Secretary,word_between=of,word_between=War,word_between=Stanton,word_between=-LRB-}","{1.60961,1.131,0.793419,-0.448947,-0.443658,-0.439164,-0.438738,0.372133,-0.322528,0.223005,-0.206546,-0.142469,0.0972702}",\N
104270@1_38-104270@1_44,104270@1,Seth Rogen-Jonah Hill,0.984,"{Directed,by,:,Jimmy,Haywardand,Steve,Martino,Written,by,:,Ken,Daurio,andCinco,Paul,"","",wrested,from,the,bookby,Dr.,Seuss,Starring,:,the,voices,of,Jim,Carrey,"","",Steve,Carell,"","",Carol,Burnett,"","",Will,Arnett,"","",Seth,Rogen,"","",Isla,Fisher,"","",Jonah,Hill,"","",Amy,Poehler,At,:,Boston,Common,"","",Fenway,"","",suburbs,Running,time,:,88,minutes,Rated,:,G,-LRB-,blue,monkeys,"","",a,scary,vulture,"","",a,fascist,soccer,-,momkangaroo,-RRB-,MovieReview,I,'m,probably,being,overly,kind,rating,``,Dr.,Seuss,',Horton,Hears,a,Who,!,''}",38,2,44,2,"{num_words_between=4,word_between=Fisher,word_between=Isla,""word_between=,""}","{1.62956,0.99888,0.492125,-0.438738}",\N
1938@35_50-1938@35_44,1938@35,David Thwaites-Corey Sienega,0.956,"{PRODUCTION,NOTES,:,`,MISS,POTTER,',Directed,by,Chris,Noonan,;,written,by,Richard,Maltby,Jr.,;,director,of,photography,"","",Andrew,Dunn,;,edited,by,Robin,Sales,;,production,designer,"","",Martin,Childs,;,produced,by,Mike,Medavoy,"","",David,Kirschner,"","",Corey,Sienega,"","",Arnold,Messer,and,David,Thwaites,;,released,by,Metro,Goldwyn,Mayer,and,the,Weinstein,Company,.}",50,2,44,2,"{num_words_between=4,word_between=and,""word_between=,"",word_between=Arnold,word_between=Messer}","{1.62956,0.838963,-0.438738,-0.379223,0}",\N
1316@8_24-1316@8_4,1316@8,Ronald Reagan-Betty Ford,0.966,"{While,former,first,lady,Betty,Ford,sat,with,her,family,"","",former,first,ladies,Rosalynn,Carter,"","",Nancy,Reagan,"","",widow,of,former,President,Ronald,Reagan,"","",and,Hillary,Rodham,Clinton,"","",now,a,Democratic,senator,from,New,York,"","",and,sat,in,close,proximity,across,the,aisle,.}",24,2,4,2,"{word_between=widow,num_words_between=18,word_between=President,word_between=former,word_between=her,""word_between=,"",word_between=family,word_between=sat,word_between=of,word_between=Nancy,word_between=first,word_between=with,word_between=Carter,word_between=Reagan,word_between=ladies,word_between=Rosalynn}","{1.93563,-1.2003,1.12738,0.716,0.696966,-0.438738,-0.342623,-0.229666,0.223005,-0.168124,-0.0945273,0.0250102,0.00381127,0,0,0}",\N
20777@23_11-20777@23_4,20777@23,Drew Lachey-Cheryl Burke,0.908,"{But,his,partner,is,Cheryl,Burke,"","",who,has,already,taken,Drew,Lachey,and,Emmitt,Smith,to,victory,.}",11,2,4,2,"{num_words_between=5,word_between=has,""word_between=,"",word_between=already,word_between=taken,word_between=who}","{1.22389,0.652855,-0.438738,0.235058,-0.172669,-0.165724}",\N
97250@6_24-97250@6_27,97250@6,James Spader-Christina Aguilera,0.996,"{``,It,all,started,when,we,ran,out,of,wall,space,at,home,"","",'',Broad,said,as,Ed,Norton,"","",Owen,Wilson,"","",James,Spader,and,Christina,Aguilera,strolled,by,.}",24,2,27,2,"{num_words_between=1,word_between=and}","{2.74127,0.838963}",\N
48629@7_22-48629@7_28,48629@7,Rose Byrne-Chris Evans,0.996,"{From,Danny,Boyle,-LRB-,``,28,Days,Later,'',-RRB-,"","",who,assembled,a,strong,international,cast,"","",including,Cillian,Murphy,"","",Rose,Byrne,"","",Michelle,Yeoh,and,Chris,Evans,.}",22,2,28,2,"{num_words_between=4,word_between=and,word_between=Michelle,""word_between=,"",word_between=Yeoh}","{1.62956,0.838963,0.63498,-0.438738,0}",\N
27078@15_46-27078@15_16,27078@15,Joe Waterman-Andre McBride,0.994,"{WITH,:,Kristanna,Loken,-LRB-,Jane,Vasko,"","",aka,Painkiller,Jane,-RRB-,"","",Rob,Stewart,-LRB-,Andre,McBride,-RRB-,"","",Noah,Danby,-LRB-,Connor,King,-RRB-,"","",Sean,Owen,Roberts,-LRB-,Riley,Jensen,-RRB-,"","",Stephen,Lobo,-LRB-,Dr.,Seth,Carpenter,-RRB-,"","",Nathaniel,Deveaux,-LRB-,Joe,Waterman,-RRB-,"","",Alaina,Huffman,-LRB-,Maureen,Bowers,-RRB-,.}",46,2,16,2,"{word_between=-RRB-,word_between=Seth,word_between=Sean,""word_between=,"",word_between=Owen,num_words_between=28,word_between=Dr.,word_between=-LRB-,word_between=Roberts,word_between=King,word_between=Stephen,word_between=Noah,word_between=Connor,word_between=Carpenter,word_between=Deveaux,word_between=Riley,word_between=Jensen,word_between=Danby,word_between=Nathaniel,word_between=Lobo}","{1.60961,1.06749,0.552243,-0.438738,0.379626,0.367952,-0.283522,0.0972702,0.0929641,0.0645122,-0.0296069,-0.0233131,0,0,0,0,0,0,0,0}",\N
2190@31_28-2190@31_25,2190@31,Maggie Smith-James McAvoy,1,"{-LRB-,July,27,-RRB-,""\\\\"",u2009,``,Becoming,Jane,'',gives,us,Anne,Hathaway,finding,and,losing,love,as,the,young,Jane,Austen,;,co-starring,James,McAvoy,and,Maggie,Smith,.}",28,2,25,2,"{num_words_between=1,word_between=and}","{2.74127,0.838963}",\N
22174@3_28-22174@3_26,22174@3,Vilsack-Clinton,0.996,"{One,of,the,Democrats,who,disclosed,the,endorsement,said,Vilsack,was,a,credible,contender,for,the,Democratic,vice,presidential,nomination,in,2008,"","",but,emphasized,that,Clinton,and,Vilsack,had,not,discussed,the,second,spot,or,made,any,deals,to,seal,the,endorsement,.}",28,1,26,1,"{num_words_between=1,word_between=and}","{2.74127,0.838963}",\N
93681@28_10-93681@28_7,93681@28,Greg Prange-Joe Davola,0.962,"{Created,by,Mark,Schwahn,;,Schwahn,"","",Joe,Davola,"","",Greg,Prange,"","",Mike,Tollin,and,Brian,Robbins,"","",executive,producers,.}",10,2,7,2,"{num_words_between=1,""word_between=,""}","{2.74127,-0.438738}",\N
134574@7_25-134574@7_31,134574@7,Grace Paley-William Golding,0.974,"{He,edited,Virginia,Woolf,"","",Isaac,Bashevis,Singer,"","",Carl,Sandburg,"","",Elizabeth,Bishop,"","",Katherine,Anne,Porter,"","",Walker,Percy,"","",Donald,Barthelme,"","",Grace,Paley,"","",Derek,Walcott,and,William,Golding,.}",25,2,31,2,"{num_words_between=4,word_between=and,""word_between=,"",word_between=Derek,word_between=Walcott}","{1.62956,0.838963,-0.438738,0.0344098,0}",\N
58388@20_4-58388@20_10,58388@20,John Edwards-Clinton,0.988,"{This,year,"","",both,John,Edwards,and,Obama,have,criticized,Clinton,on,various,fronts,"","",from,her,vote,to,authorize,the,Iraq,war,to,her,acceptance,of,money,from,lobbyists,.}",4,2,10,1,"{num_words_between=4,word_between=and,word_between=have,word_between=Obama,word_between=criticized}","{1.62956,0.838963,0.725365,-0.137743,0}",\N
81908@10_50-81908@10_4,81908@10,Elizabeth Taylor-Jeremy Schaap,0.998,"{In,the,Pipeline,...,Jeremy,Schaap,is,writing,a,book,for,Houghton,Mifflin,about,the,1969,World,Series,between,The,Baltimore,Orioles,and,the,New,York,Mets,...,HarperCollins,will,publish,Sam,Kashner,'s,``,More,than,Famous,"","",'',about,the,love,affair,and,marriage,-LRB-,s,-RRB-,of,Elizabeth,Taylor,and,Richard,Burton,.}",50,2,4,2,"{word_between=-RRB-,word_between=about,word_between=marriage,word_between=will,word_between='',word_between=...,word_between=and,word_between=than,word_between=New,word_between=York,word_between=book,word_between=between,""word_between=,"",word_between=love,word_between='s,word_between=affair,word_between=the,word_between=``,word_between=of,num_words_between=44,word_between=The,word_between=is,word_between=-LRB-,word_between=World,word_between=a,word_between=Sam,word_between=1969,word_between=for,word_between=Baltimore,word_between=Series,word_between=More,word_between=Famous,word_between=Houghton,word_between=publish,word_between=HarperCollins,word_between=Mets,word_between=writing,word_between=s,word_between=Mifflin,word_between=Kashner,word_between=Orioles}","{1.60961,-1.21439,1.20633,1.11017,-1.09017,0.97264,0.838963,-0.641599,0.630963,-0.623679,0.620612,0.502962,-0.438738,0.295624,-0.278909,0.276998,0.276442,-0.273429,0.223005,-0.208917,0.195489,-0.177913,0.0972702,-0.0640765,-0.0333341,0.0311953,-0.0258357,-0.0167124,0,0,0,0,0,0,0,0,0,0,0,0,0}",\N
70309@30_15-70309@30_6,70309@30,Harry Harris-Niki Tsongas,0.96,"{``,I,knew,Paul,Tsongas,;,Niki,Tsongas,is,no,Paul,Tsongas,"","",'',said,Harry,Harris,"","",60,"","",a,retired,educator,who,steadily,voted,for,Paul,Tsongas,-,for,City,Council,up,through,the,1992,presidential,primary,-,and,said,he,knew,him,through,Lowell,'s,Greek,community,and,other,channels,.}",15,2,6,2,"{word_between=no,num_words_between=7,word_between='',word_between=Paul,word_between=said,word_between=Tsongas,""word_between=,"",word_between=is}","{1.64882,1.394,-1.09017,1.08468,-0.976255,0.718733,-0.438738,-0.177913}",\N
59970@154_25-59970@154_22,59970@154,Jeri Kehn Thompson-Judith Giuliani,0.996,"{The,Republican,side,is,a,case,of,the,old,hands,--,veterans,Cindy,McCain,and,Ann,Romney,--,against,the,arrivistes,"","",Judith,Giuliani,and,Jeri,Kehn,Thompson,.}",25,3,22,2,"{num_words_between=1,word_between=and}","{2.74127,0.838963}",\N
34215@40_80-34215@40_77,34215@40,J.W. Johnson-Victor Herbert,0.96,"{PRODUCTION,NOTES,`,STAIRWAY,TO,PARADISE,:,50,Years,of,Revue,in,Review,',Music,"","",lyrics,and,sketches,by,Nora,Bayes,"","",Irving,Berlin,"","",Eubie,Blake,"","",Henry,Blossom,"","",Elisse,Boyd,"","",Bob,Cole,"","",Betty,Comden,"","",B.G.,DeSylva,"","",Howard,Dietz,"","",Jimmy,Durante,"","",Leo,Edwards,"","",Dorothy,Fields,"","",George,Gershwin,"","",Ira,Gershwin,"","",Jay,Gorney,"","",Murray,Grand,"","",Adolph,Green,"","",E.Y.,Harburg,"","",Lorenz,Hart,"","",Victor,Herbert,"","",J.W.,Johnson,"","",Jerome,Kern,"","",Jean,Kerr,"","",Walter,Kerr,"","",Duke,Leonard,"","",Jimmy,McHugh,"","",Blanche,Merrill,"","",Ed,G.,Nelson,"","",Jack,Norworth,"","",Harry,Pease,"","",Andy,Razaf,"","",Richard,Rodgers,"","",Harold,Rome,"","",Arthur,Schwartz,"","",Paul,Gerard,Smith,"","",Jule,Styne,and,P.G.,Wodehouse,;,directed,by,Jerry,Zaks,;,guest,music,director,"","",vocal,and,dance,arranger,"","",Rob,Berman,;,conceived,by,Jack,Viertel,;,set,consultation,by,John,Lee,Beatty,;,sound,by,Tom,Morse,;,costume,consultation,by,William,Ivey,Long,;,lighting,by,Paul,Gallo,;,orchestrations,"","",Jonathan,Tunick,;,music,coordinator,"","",Seymour,Red,Press,;,company,manager,"","",Michael,Zande,;,production,stage,manager,"","",Rolt,Smith,;,choreography,by,Warren,Carlyle,.}",80,2,77,2,"{num_words_between=1,""word_between=,""}","{2.74127,-0.438738}",\N
45661@24_16-45661@24_30,45661@24,Glenn Close-Ann,0.994,"{But,she,should,take,a,number,since,almost,everybody,on,the,Wittenborns,',seaside,property,-LRB-,Glenn,Close,plays,the,matriarch,-RRB-,eventually,finds,him,scrumptious,"","",too,"","",including,Ann,.}",16,2,30,1,"{word_between=-RRB-,num_words_between=12,word_between=him,word_between=including,""word_between=,"",word_between=eventually,word_between=the,word_between=too,word_between=plays,word_between=finds,word_between=matriarch,word_between=scrumptious}","{1.60961,1.47552,1.23357,-0.507614,-0.438738,-0.360786,0.276442,-0.192231,0.14543,0.0408341,0.00345892,0}",\N
87407@52_23-87407@52_26,87407@52,James Cameron-Stephen Spielberg,0.996,"{Six,or,seven,3-D,movies,will,be,released,in,2008,"","",and,a,whopping,25,are,expected,in,2009,"","",including,films,by,James,Cameron,and,Stephen,Spielberg,.}",23,2,26,2,"{num_words_between=1,word_between=and}","{2.74127,0.838963}",\N
74568@32_8-74568@32_21,74568@32,George Bush-Hillary Rodham Clinton,1,"{PEOPLE,ON,THE,CAMPAIGN,TRAIL,...,Former,President,George,Bush,says,he,'s,backing,away,from,an,initial,assessment,that,Sen.,Hillary,Rodham,Clinton,"","",D-N.Y.,"","",had,a,lock,on,the,race,for,the,2008,Democratic,presidential,nomination,.}",8,2,21,3,"{word_between=Sen.,num_words_between=11,word_between=away,word_between=he,word_between=from,word_between=that,word_between='s,word_between=says,word_between=assessment,word_between=an,word_between=initial,word_between=backing}","{2.44986,2.08413,1.63844,0.952951,-0.359137,-0.341135,-0.278909,0.150634,-0.0787076,-0.0359719,-0.0329781,0}",\N
107031@14_29-107031@14_33,107031@14,Hillary Rodham Clinton-Madonna,0.974,"{Most,comedy,shows,"","",even,``,Saturday,Night,Live,"","",'',have,to,limit,their,celebrity,impersonations,to,the,truly,famous,:,presidential,candidates,or,show,business,divas,"","",Hillary,Rodham,Clinton,or,Madonna,.}",29,3,33,1,"{num_words_between=1,word_between=or}","{2.74127,-0.436603}",\N
148797@53_2-148797@53_27,148797@53,Haydn Gwynne-David Bologna,0.992,"{WITH,:,Haydn,Gwynne,-LRB-,Mrs.,Wilkinson,-RRB-,"","",Gregory,Jbara,-LRB-,Dad,-RRB-,"","",Carole,Shelley,-LRB-,Grandma,-RRB-,and,Santino,Fontana,-LRB-,Tony,-RRB-,"","",David,Bologna,and,Frank,Dolce,-LRB-,Michael,-RRB-,"","",and,David,Alvarez,"","",Trent,Kowalik,and,Kiril,Kulish,-LRB-,Billy,-RRB-,.}",2,2,27,2,"{word_between=-RRB-,word_between=Tony,word_between=and,word_between=Wilkinson,word_between=Mrs.,""word_between=,"",word_between=Carole,num_words_between=23,word_between=Gregory,word_between=-LRB-,word_between=Jbara,word_between=Shelley,word_between=Fontana,word_between=Santino,word_between=Grandma,word_between=Dad}","{1.60961,1.45956,0.838963,0.480453,0.447764,-0.438738,-0.405876,-0.344553,-0.125921,0.0972702,0,0,0,0,0,0}",\N
45384@5_40-45384@5_31,45384@5,Parker-Jean Dousset,0.984,"{THE,RINGS,Last,November,"","",Parker,presented,Longoria,with,a,5-carat,"","",emerald,-,cut,"","",248-diamond,engagement,ring,mounted,on,a,white,gold,setting,"","",created,by,French,jewelry,designer,Jean,Dousset,"","",who,told,us,he,also,encouraged,Parker,to,handwrite,a,personal,message,that,was,engraved,inside,the,ring,'s,shank,.}",40,1,31,2,"{word_between=told,num_words_between=7,word_between=he,word_between=us,""word_between=,"",word_between=also,word_between=encouraged,word_between=who}","{2.06289,1.394,0.952951,-0.56878,-0.438738,-0.363506,-0.289136,-0.165724}",\N
34150@25_66-34150@25_87,34150@25,Julie Kavner-Homer Simpson,0.998,"{east,motherly,moment,:,Gets,into,food,fight,with,Holly,"","",her,husband,'s,longtime,mistress,"","",when,Holly,kisses,Nora,'s,new,love,interest,Spiritual,TV,ancestor,:,Angela,Channing,of,``,Falcon,Crest,"","",'',more,because,both,shows,have,a,connection,to,California,wine,country,than,anything,else.ecause,of,any,similarity,in,personalities,Marge,Simpson,"","",``,The,Simpson,'',Played,by,:,Julie,Kavner,-LRB-,voice,-RRB-,Here,'s,the,story,of,a,lovely,lady,:,Marge,Bouvier,fell,in,love,with,loutish,Homer,Simpson,when,they,were,much,younger,and,he,still,had,hair,;,against,all,odds,"","",they,'ve,stayed,together,--,400,episodes,as,of,tonight,.}",66,2,87,2,"{word_between=-RRB-,num_words_between=19,word_between=:,word_between=story,word_between=lady,word_between=lovely,word_between=fell,word_between=love,word_between='s,word_between=the,word_between=of,word_between=Here,word_between=in,word_between=-LRB-,word_between=voice,word_between=a,word_between=with,word_between=Bouvier,word_between=Marge,word_between=loutish}","{1.60961,1.41436,-1.02484,0.939998,0.681034,0.477821,0.399688,0.295624,-0.278909,0.276442,0.223005,0.167544,-0.139591,0.0972702,-0.0825189,-0.0333341,0.0250102,0,0,0}",\N
127119@26_14-127119@26_20,127119@26,Miller-Chris Pine,0.986,"{In,search,of,an,actor,to,play,Bo,"","",casting,director,Rick,Pagano,instructed,Miller,and,Savin,to,check,out,Chris,Pine,'s,work,in,a,production,of,Neil,LaBute,'s,``,Fat,Pig,'',at,the,Geffen,Playhouse,.}",14,1,20,2,"{num_words_between=5,word_between=and,word_between=out,word_between=Savin,word_between=to,word_between=check}","{1.22389,0.838963,0.488658,-0.232188,0.00318796,0}",\N
56239@7_54-56239@7_27,56239@7,Peter Lorre-Johnny Carson,0.964,"{In,it,"","",Rickles,"","",or,the,``,Merchant,of,Venom,"","",'',includes,stories,about,his,good,friend,Bob,Newhart,as,well,as,Frank,Sinatra,"","",Johnny,Carson,"","",Gen.,George,S.,Patton,"","",Lauren,Bacall,"","",Spencer,Tracy,"","",Grace,Kelly,"","",Edward,G.,Robinson,"","",Jack,Benny,"","",Milton,Berle,"","",Peter,Lorre,"","",Jackie,Gleason,"","",Jack,Parr,"","",George,Burns,and,Gracie,Allen,"","",Duke,Ellington,"","",Clark,Gable,and,many,others,.}",54,2,27,2,"{num_words_between=25,word_between=Robinson,""word_between=,"",word_between=George,word_between=Kelly,word_between=G.,word_between=Edward,word_between=Gen.,word_between=Jack,word_between=S.,word_between=Tracy,word_between=Spencer,word_between=Berle,word_between=Milton,word_between=Benny,word_between=Lauren,word_between=Grace,word_between=Patton,word_between=Bacall}","{1.4391,1.00985,-0.438738,0.371596,-0.255545,0.174485,-0.0933974,-0.0587908,0.0260053,-0.00754544,0,0,0,0,0,0,0,0,0}",\N
85861@39_19-85861@39_7,85861@39,Obama-Nicole Dubose,0.984,"{``,It,was,awesome,"","",'',gushed,Nicole,Dubose,"","",22,"","",who,attended,and,plans,to,vote,for,Obama,.}",19,1,7,2,"{num_words_between=10,word_between=and,word_between=vote,word_between=plans,word_between=attended,""word_between=,"",word_between=who,word_between=for,word_between=to,word_between=22}","{1.17943,0.838963,0.766113,0.670491,-0.487502,-0.438738,-0.165724,-0.0167124,0.00318796,0}",\N
82383@26_76-82383@26_23,82383@26,Elisabeth Shue-James Denton,0.998,"{Former,Sen.,John,Edwards,of,North,Carolina,-,Don,Henley,"","",Larry,David,"","",Seth,Green,"","",Gary,Cole,"","",Hank,Azaria,"","",James,Denton,"","",Jean,Smart,"","",Richard,Gilliland,"","",Tony,Shalhoub,Gov.,Bill,Richardson,of,New,Mexico,-,Rob,Reiner,"","",Randy,Travis,"","",Al,Unser,"","",Barry,Switzer,"","",Val,Kilmer,"","",Jimmy,Smits,Sen.,Chris,Dodd,of,Connecticut,-,Steve,Martin,"","",Paul,Newman,"","",Lorne,Michaels,"","",Paul,Simon,"","",Elisabeth,Shue,"","",Michael,Douglas,.}",76,2,23,2,"{word_between=Sen.,word_between=Bill,word_between=Tony,word_between=Richardson,word_between=Paul,word_between=Richard,word_between=Martin,word_between=Randy,word_between=New,word_between=Chris,""word_between=,"",word_between=Jimmy,word_between=Al,word_between=Reiner,word_between=Rob,word_between=-,word_between=Simon,word_between=Mexico,word_between=of,word_between=Steve,word_between=Jean,num_words_between=51,word_between=Connecticut,word_between=Gov.,word_between=Smits,word_between=Gilliland,word_between=Newman,word_between=Dodd,word_between=Michaels,word_between=Barry,word_between=Lorne,word_between=Val,word_between=Smart,word_between=Unser,word_between=Travis,word_between=Shalhoub,word_between=Kilmer,word_between=Switzer}","{2.44986,-1.58548,1.45956,1.26088,1.08468,1.04475,-1.01365,-0.694517,0.630963,-0.465809,-0.438738,0.340805,-0.338727,-0.333577,0.324225,0.30644,-0.275714,0.233578,0.223005,-0.207211,-0.139167,-0.121396,0.0408341,-0.0108343,-0.00561476,0,0,0,0,0,0,0,0,0,0,0,0,0}",\N
133318@32_41-133318@32_36,133318@32,McCain-Charlie Black,0.97,"{``,She,'s,going,to,learn,national,security,at,the,foot,of,the,master,for,the,next,four,years,"","",and,most,doctors,think,that,he,'ll,be,around,at,least,that,long,"","",'',said,Charlie,Black,"","",one,of,McCain,'s,top,advisers,"","",making,light,of,concerns,about,McCain,'s,health,"","",which,McCain,'s,doctors,reported,as,excellent,in,May,.}",41,1,36,2,"{num_words_between=3,word_between=one,""word_between=,"",word_between=of}","{1.55416,0.938446,-0.438738,0.223005}",\N
6854@8_2-6854@8_25,6854@8,Bush-Al Gore,0.96,"{Did,n't,Bush,do,just,that,with,staged,demonstrations,and,legislative,hanky-panky,to,win,Florida,"","",even,though,he,got,fewer,votes,in,2000,than,Al,Gore,?}",2,1,25,2,"{word_between=Florida,word_between=he,word_between=and,word_between=just,word_between=than,num_words_between=22,""word_between=,"",word_between=got,word_between=that,word_between=2000,word_between=even,word_between=win,word_between=in,word_between=do,word_between=with,word_between=staged,word_between=though,word_between=votes,word_between=to,word_between=hanky-panky,word_between=demonstrations,word_between=fewer,word_between=legislative}","{0.991071,0.952951,0.838963,-0.712256,-0.641599,0.45178,-0.438738,0.394188,-0.341135,0.313202,-0.212736,0.163217,-0.139591,0.0842733,0.0250102,-0.0186367,-0.0145284,-0.005022,0.00318796,0,0,0,0}",\N
91393@23_8-91393@23_17,91393@23,Ingrid Bergman-Roberto Rossellini,1,"{Doherty,quotes,an,anguished,letter,Breen,wrote,to,Ingrid,Bergman,when,she,was,beginning,her,affair,with,Roberto,Rossellini,.}",8,2,17,2,"{word_between=she,num_words_between=7,word_between=her,word_between=beginning,word_between=affair,word_between=was,word_between=when,word_between=with}","{1.70652,1.394,0.696966,0.499412,0.276998,-0.177015,0.147346,0.0250102}",t
79623@20_10-79623@20_13,79623@20,Don Simpson-Larry Tisch,0.974,"{Among,the,customers,were,Michael,Ovitz,"","",Ron,Meyer,"","",Don,Simpson,"","",Larry,Tisch,"","",Steve,Tisch,"","",Sherry,Lansing,"","",Frank,Sinatra,and,Dick,Zanuck,"","",as,well,as,Sly,Stallone,and,Goldie,Hawn,"","",both,of,whom,went,to,school,with,me,in,Silver,Spring,"","",Md.,.}",10,2,13,2,"{num_words_between=1,""word_between=,""}","{2.74127,-0.438738}",\N
45172@25_28-45172@25_34,45172@25,Natasha Richardson-Glenn Close,0.966,"{Evening,Grade,:,C,Director,:,Lajos,Koltai,Cast,:,Claire,Danes,"","",Vanessa,Redgrave,"","",Patrick,Wilson,"","",Toni,Collette,"","",Hugh,Dancy,"","",Mamie,Gummer,"","",Natasha,Richardson,"","",Meryl,Streep,"","",Glenn,Close,"","",Eileen,Atkins,Screenplay,:,Michael,Cunningham,"","",based,on,the,novel,by,Susan,Minot,Rating,:,PG-13,;,mature,themes,"","",sexual,situations,"","",profanity,"","",brief,disturbing,images,Running,time,:,117,min,.}",28,2,34,2,"{num_words_between=4,""word_between=,"",word_between=Meryl,word_between=Streep}","{1.62956,-0.438738,0.39199,0.39199}",\N
33100@61_0-33100@61_10,33100@61,Colin L. Powell-Alma Powell,0.998,"{Colin,L.,Powell,"","",former,secretary,of,state,"","",and,Alma,Powell,.}",0,3,10,2,"{potential_last_name_match,word_between=secretary,word_between=state,num_words_between=7,word_between=and,word_between=former,""word_between=,"",word_between=of}","{-2.65265,2.11063,1.68834,1.394,0.838963,0.716,-0.438738,0.223005}",\N
46815@64_20-46815@64_9,46815@64,Bush-John Deere,0.916,"{As,former,President,Bill,Clinton,sat,next,to,a,John,Deere,tractor,and,listened,"","",Mrs.,Clinton,also,implicitly,criticized,Bush,'s,approach,to,diplomacy,by,praising,her,husband,'s,view,that,``,you,do,n't,make,peace,with,your,friends,'',and,therefore,must,deal,with,enemies,.}",20,1,9,2,"{num_words_between=9,word_between=and,word_between=listened,word_between=tractor,word_between=Mrs.,""word_between=,"",word_between=also,word_between=Clinton,word_between=implicitly,word_between=criticized}","{1.9751,0.838963,-0.770151,-0.770151,0.447764,-0.438738,-0.363506,0.328933,0,0}",\N
134523@38_41-134523@38_38,134523@38,Jack Kerouac-William Gaddis,0.972,"{Giroux,introduced,a,long,roster,of,writers,who,would,achieve,fame,"","",publishing,first,books,by,"","",among,others,"","",Jean,Stafford,"","",Robert,Lowell,"","",Bernard,Malamud,"","",Flannery,O'Connor,"","",Randall,Jarrell,"","",Peter,Taylor,"","",William,Gaddis,"","",Jack,Kerouac,and,Susan,Sontag,.}",41,2,38,2,"{num_words_between=1,""word_between=,""}","{2.74127,-0.438738}",\N
59970@81_9-59970@81_4,59970@81,Thompson-McCain,0.96,"{One,associate,said,that,McCain,has,been,riled,by,Thompson,'s,approaching,entry,"","",making,it,more,likely,that,he,would,back,Giuliani,.}",9,1,4,1,"{num_words_between=4,word_between=by,word_between=has,word_between=been,word_between=riled}","{1.62956,-1.04261,0.652855,0.562613,0}",\N
135658@14_2-135658@14_12,135658@14,Harry-Clooney,0.988,"{Katie,and,Harry,"","",played,by,Tilda,Swinton,and,the,previously,stated,Clooney,"","",are,discussing,their,extramarital,affair,.}",2,1,12,1,"{num_words_between=9,word_between=Swinton,word_between=Tilda,word_between=by,word_between=played,word_between=and,word_between=previously,""word_between=,"",word_between=the,word_between=stated}","{1.9751,1.52242,1.52242,-1.04261,-0.997469,0.838963,-0.757829,-0.438738,0.276442,0}",\N
2132@60_13-2132@60_15,2132@60,Miller-Pelosi,0.97,"{``,I,thought,long,and,hard,before,I,said,that,"","",'',said,Miller,"","",Pelosi,'s,close,political,adviser,.}",13,1,15,1,"{num_words_between=1,""word_between=,""}","{2.74127,-0.438738}",\N
134653@9_37-134653@9_16,134653@9,Baz Luhrmann-George Bush,0.994,"{Yet,the,lingering,aftereffects,of,last,year,'s,writers,',strike,means,that,Oliver,Stone,'s,George,Bush,drama,``,W.,'',is,still,in,the,final,tinkering,stages,and,wo,n't,be,here,"","",nor,will,Baz,Luhrmann,'s,epic,``,Australia,"","",'',the,biopic,``,Milk,'',-LRB-,starring,Sean,Penn,as,assassinated,gay,politician,Harvey,Milk,-RRB-,"","",and,David,Fincher,'s,``,The,Curious,Case,of,Benjamin,Button,"","",'',in,which,Pitt,ages,in,reverse,.}",37,2,16,2,"{num_words_between=19,word_between=will,word_between='',word_between=wo,word_between=n't,word_between=and,word_between=final,word_between=be,""word_between=,"",word_between=W.,word_between=the,word_between=``,word_between=drama,word_between=here,word_between=is,word_between=in,word_between=still,word_between=nor,word_between=tinkering,word_between=stages}","{1.41436,1.11017,-1.09017,0.88576,0.846391,0.838963,0.640355,-0.598056,-0.438738,-0.301902,0.276442,-0.273429,-0.212357,0.18811,-0.177913,-0.139591,0.0493576,0,0,0}",\N
67042@4_13-67042@4_21,67042@4,Liz Lemon-Tracy Jordan,0.996,"{Jack,'s,first,act,was,to,overrule,the,show,'s,head,writer,"","",Liz,Lemon,-LRB-,Fey,-RRB-,"","",and,recruit,Tracy,Jordan,-LRB-,Tracy,Morgan,-RRB-,"","",a,wild,and,monomaniacal,movie,star,.}",13,2,21,2,"{num_words_between=6,word_between=-RRB-,word_between=and,""word_between=,"",word_between=-LRB-,word_between=Fey,word_between=recruit}","{1.70347,1.60961,0.838963,-0.438738,0.0972702,0,0}",\N
72549@8_18-72549@8_4,72549@8,Hannibal Lecter-Felix,0.94,"{The,weary,"","",unassuming,Felix,is,the,opposite,of,Hopkins,',Richard,M.,Nixon,"","",Pablo,Picasso,and,Hannibal,Lecter,"","",in,that,it,provides,him,with,no,opportunities,for,flashy,impersonation,or,lip,-,smacking,melodrama,.}",18,2,4,1,"{word_between=Richard,word_between=and,""word_between=,"",word_between=',word_between=the,word_between=opposite,word_between=Hopkins,word_between=of,word_between=is,num_words_between=13,word_between=M.,word_between=Pablo,word_between=Nixon,word_between=Picasso}","{1.04475,0.838963,-0.438738,-0.412836,0.276442,0.243182,0.236658,0.223005,-0.177913,0.176707,-0.0933974,0,0,0}",\N
154431@2_60-154431@2_191,154431@2,Ken Pruitt-St. Petersburg Carl Troup,1,"{U.S.,Rep.,Mary,Bono,Mack,"","",R-Calif.,"","",wife,of,the,younger,Mack,and,widow,of,Sonny,Bono,Former,Republican,Gov.,Bob,Martinez,Roberto,Martinez,"","",former,U.S.,attorney,from,Miami,Attorney,General,Bill,McCollum,John,McKay,"","",former,Senate,president,Vivian,Myrtetus,"","",Crist,'s,former,communications,director,Chris,and,Fay,Nielsen,"","",longtime,St.,Petersburg,residents,and,philanthropists,Ken,Pruitt,"","",former,Senate,president,David,Rancourt,"","",Tallahassee,lobbyist,Jim,Rimes,"","",GOP,executive,director,Geraldo,Rivera,"","",Fox,newsman,-LRB-,Crist,came,to,his,mother,'s,85th,birthday,-RRB-,State,Rep.,Darryl,Rouson,and,wife,"","",Angela,Harry,Sargeant,III,"","",a,Boca,Raton,businessman,and,Republican,fundraiser,Jim,Scott,"","",former,Senate,president,Brent,and,Debbie,Sembler,"","",Pinellas,Park,Kathleen,Shanahan,"","",former,chief,of,staff,for,Gov.,Jeb,Bush,and,Vice,President,Dick,Cheney,Matt,Silverman,"","",Tampa,Bay,Rays,president,Gus,Stavros,"","",founder,of,the,Pinellas,Education,Foundation,Stuart,Sternberg,"","",Tampa,Bay,Rays,principal,owner,John,Stross,"","",real,estate,developer,"","",owner,of,Leverock,'s,restaurant,St.,Petersburg,Times,chairman,"","",CEO,and,editor,Paul,Tash,and,wife,"","",Karyn,"","",St.,Petersburg,Carl,Troup,"","",governor,'s,barber,U.S.,Rep.,Robert,Wexler,"","",D-Boca,Raton,Jill,Zarin,"","",friend,of,Rome,and,cast,member,of,the,Bravo,television,series,The,Real,Housewives,of,New,York,City}",60,2,191,4,"{word_between=wife,word_between=owner,word_between=-RRB-,word_between=David,word_between=Rep.,word_between=Crist,word_between=real,word_between=President,word_between=Paul,word_between=lobbyist,word_between=president,word_between=John,word_between=and,word_between=St.,word_between=GOP,word_between=Dick,word_between=former,word_between=founder,word_between=Vice,word_between=staff,word_between=Bush,word_between=State,word_between=executive,word_between=Petersburg,word_between=Debbie,word_between=businessman,word_between=director,word_between=chairman,word_between=Jim,word_between=Republican,word_between=III,""word_between=,"",word_between=Fox,word_between=Times,word_between=fundraiser,word_between=Bay,word_between=Foundation,word_between=editor,word_between=Tallahassee,word_between='s,word_between=the,word_between=Rays,word_between=of,word_between=chief,word_between=mother,word_between=Geraldo,word_between=Rancourt,word_between=Rimes,word_between=newsman,word_between=Rivera,word_between=Stuart,word_between=estate,word_between=his,word_between=-LRB-,word_between=birthday,word_between=Harry,word_between=came,word_between=developer,word_between=a,word_between=Scott,word_between=restaurant,word_between=Matt,word_between=Senate,word_between=for,word_between=Cheney,word_between=Gov.,word_between=to,word_between=Sternberg,word_between=Jeb,word_between=Kathleen,word_between=Gus,word_between=Shanahan,word_between=Silverman,word_between=Tampa,word_between=Park,word_between=Sargeant,word_between=Education,word_between=Sembler,word_between=CEO,word_between=Darryl,word_between=Raton,word_between=Boca,word_between=Stavros,word_between=Stross,word_between=Pinellas,word_between=Leverock,word_between=Tash,num_words_between=129,word_between=principal,word_between=Karyn,word_between=Angela,word_between=85th,word_between=Rouson,word_between=Brent}","{2.63906,-1.69362,1.60961,-1.53035,1.46593,-1.33905,1.33864,1.12738,1.08468,0.977099,0.883282,-0.855172,0.838963,0.796338,0.741036,0.718841,0.716,0.708061,0.648942,-0.604738,-0.580753,0.531793,-0.523025,0.508361,0.506755,0.495908,0.481679,-0.477571,-0.465147,0.452104,-0.441555,-0.438738,-0.416848,-0.406403,0.342278,-0.308928,-0.292794,-0.291159,-0.281304,-0.278909,0.276442,-0.265855,0.223005,-0.203054,-0.19606,-0.162333,-0.162333,-0.162333,-0.162333,-0.162333,0.146832,-0.12517,0.10014,0.0972702,0.0860714,0.0668788,-0.0514131,-0.0351787,-0.0333341,-0.0289715,-0.0245156,-0.021079,-0.0182803,-0.0167124,0.015483,-0.0108343,0.00318796,0,0,0,0,0,0,0,0,0,0,0,0,0,0,0,0,0,0,0,0,0,0,0,0,0,0,0}",\N
64529@133_25-64529@133_22,64529@133,Adrien Brody-Owen Wilson,0.972,"{Opens,Oct.,12,--,All,aboard,for,Wes,Anderson,'s,travelogue,of,brotherly,love,"","",``,The,Darjeeling,Limited,"","",'',with,Owen,Wilson,"","",Adrien,Brody,and,Jason,Schwartzman,.}",25,2,22,2,"{num_words_between=1,""word_between=,""}","{2.74127,-0.438738}",\N
92111@26_5-92111@26_9,92111@26,Obama-Ronald Reagan,0.992,"{The,Clintons,have,also,assailed,Obama,for,praising,President,Ronald,Reagan,and,remarking,upon,the,Republican,Party,'s,dominance,in,past,policy,debates,--,even,though,Obama,was,not,endorsing,those,policies,and,was,limiting,his,praise,to,Reagan,'s,communication,abilities,-LRB-,something,the,Clintons,have,previously,praised,-RRB-,.}",5,1,9,2,"{num_words_between=3,word_between=President,word_between=praising,word_between=for}","{1.55416,1.12738,-0.211858,-0.0167124}",\N
68479@34_5-68479@34_20,68479@34,Ian Curtis-Annik Honore,0.986,"{WITH,:,Sam,Riley,-LRB-,Ian,Curtis,-RRB-,"","",Samantha,Morton,-LRB-,Deborah,Curtis,-RRB-,"","",Alexandra,Maria,Lara,-LRB-,Annik,Honore,-RRB-,"","",Joe,Anderson,-LRB-,Hooky,-RRB-,"","",James,Anthony,Pearson,-LRB-,Bernard,Sumner,-RRB-,"","",Harry,Treadaway,-LRB-,Steve,Morris,-RRB-,"","",Craig,Parkinson,-LRB-,Tony,Wilson,-RRB-,and,Toby,Kebbell,-LRB-,Rob,Gretton,-RRB-,.}",5,2,20,2,"{word_between=-RRB-,word_between=Morton,word_between=Samantha,""word_between=,"",word_between=Maria,num_words_between=13,word_between=Deborah,word_between=-LRB-,word_between=Curtis,word_between=Lara,word_between=Alexandra}","{1.60961,0.954412,0.954412,-0.438738,-0.382123,0.176707,-0.114503,0.0972702,0.00235825,0,0}",\N
35870@45_20-35870@45_1,35870@45,Bush-Bill Clinton,0.934,"{As,Bill,Clinton,signaled,"","",they,have,joked,about,health,and,age,"","",be,it,Clinton,'s,heart,surgery,or,Bush,'s,penchant,for,sky-diving,.}",20,1,1,2,"{num_words_between=17,word_between=about,word_between=and,word_between=have,word_between=age,word_between=health,word_between=be,word_between=heart,""word_between=,"",word_between=or,word_between=Clinton,word_between='s,word_between=they,word_between=it,word_between=signaled,word_between=joked,word_between=surgery}","{1.73214,-1.21439,0.838963,0.725365,0.685059,-0.653926,-0.598056,0.582605,-0.438738,-0.436603,0.328933,-0.278909,0.276949,0.254482,-0.12996,-0.108618,0.0582758}",\N
72297@21_26-72297@21_40,72297@21,Michael Clarke Duncan-Fionnula Flanagan,0.938,"{Bob,Strauss,"","",-LRB-818-RRB-Â 713-3670,bob.straussdailynews.com,review,SLIPSTREAM,R,:,violence,"","",language,Starring,:,Anthony,Hopkins,"","",Stella,Arroyave,"","",Christian,Slater,"","",John,Tuturro,"","",Michael,Clarke,Duncan,"","",Camryn,Mannheim,"","",Jeffrey,Tambor,"","",S.,Epatha,Merkerson,"","",Fionnula,Flanagan,"","",Lisa,Pepper,"","",Kevin,McCarthy,.}",26,3,40,2,"{num_words_between=11,""word_between=,"",word_between=S.,word_between=Mannheim,word_between=Merkerson,word_between=Jeffrey,word_between=Camryn,word_between=Epatha,word_between=Tambor}","{2.08413,-0.438738,-0.00754544,0,0,0,0,0,0}",\N
38947@0_49-38947@0_40,38947@0,Leslie Mann-Seth Rogen,0.994,"{TRUE,LOVE,"","",FAMILY,VALUES,ALIVE,IN,`,KNOCKED,UP,',IN,-LCB-,LSQUO,-RCB-,KNOCKED,UP,"","",',FAMILY,VALUES,GET,A,TWIST,MISMATCHPRODUCESLAUGHS,AND,LOVE,SURPRISEFAMILY,LOVE,Knocked,Up,Written,and,directed,by,:,Judd,Apatow,Starring,:,Seth,Rogen,"","",Katherine,Heigl,"","",Paul,Rudd,"","",Leslie,Mann,Running,time,:,129,minutes,Rated,:,R,-LRB-,Sexual,content,"","",drug,use,"","",language,-RRB-,``,The,40-Year-Old,Virgin,'',and,his,new,``,Knocked,Up,'',make,writer,-,director,Judd,Apatow,today,'s,preeminent,creator,of,low-concept,sex,comedies,.}",49,2,40,2,"{num_words_between=7,word_between=Paul,word_between=Katherine,word_between=Heigl,""word_between=,"",word_between=Rudd}","{1.394,1.08468,0.455406,0.455406,-0.438738,0.238368}",\N
50231@18_3-50231@18_5,50231@18,Tom-Susan Smalley,0.984,"{Through,her,son,Tom,"","",Susan,Smalley,kept,on,top,of,the,developments,"","",Cason,said,"","",and,when,Gardner-Quinn,'s,essay,was,published,in,the,magazine,earlier,this,year,she,and,her,husband,starting,thinking,.}",3,1,5,2,"{num_words_between=1,""word_between=,""}","{2.74127,-0.438738}",\N
96734@57_14-96734@57_17,96734@57,Jerry Minor-Ryan Case,0.996,"{``,A,couple,of,actor,friends,who,shall,remain,nameless,keep,calling,me,and,Jerry,Minor,and,Ryan,Case,"","",pitching,us,ideas,for,short,videos,"","",like,we,'re,moguls,or,something,"","",'',O'Connell,said,.}",14,2,17,2,"{num_words_between=1,word_between=and}","{2.74127,0.838963}",\N
153946@38_144-153946@38_147,153946@38,Diane Sutherland-Mary Todd Lincoln,0.992,"{WITH,:,Guy,Adkins,-LRB-,John,Wilkes,Booth,"","",Robert,E.,Lee,"","",William,Tecumseh,Sherman,-RRB-,"","",Justin,Blanchard,-LRB-,Chester,"","",Manton,Saunders,"","",Hay,"","",John,Surratt,-RRB-,"","",Susannah,Flood,-LRB-,Raz,"","",Anna,Surratt,-RRB-,"","",J.D.,Goldblatt,-LRB-,Ely,Parker,"","",Silver,"","",Frederick,Wormley,"","",Moses,Levy,-RRB-,"","",Brian,Tyree,Henry,-LRB-,Willy,Mack,"","",Walker,Lewis,"","",Jim,Wormley,-RRB-,"","",Marc,Damon,Johnson,-LRB-,Decatur,Bronson,"","",James,Wormley,-RRB-,"","",Bianca,LaVerne,Jones,-LRB-,Hannah,"","",Rose,"","",Aggy,-RRB-,"","",Ora,Jones,-LRB-,Elizabeth,Keckley,"","",Mrs.,Thomas,-RRB-,"","",Drew,McVety,-LRB-,Henry,Wadsworth,Longfellow,"","",Ulysses,S.,Grant,"","",Ward,Hill,Lamon,-RRB-,"","",Jay,Russell,-LRB-,Abraham,Lincoln,"","",Walt,Whitman,-RRB-,"","",Rachel,Shapiro,Alderman,-LRB-,Nicolay,"","",Mary,Surratt,"","",Clara,Barton,"","",Widow,Saunders,-RRB-,"","",Diane,Sutherland,-LRB-,Mary,Todd,Lincoln,"","",Secretary,of,War,Stanton,-RRB-,"","",Scott,Thomas,-LRB-,Lewis,Payne,"","",Mosby,Raider,-RRB-,"","",Faith,Philpot,and,Malenky,Welsh,-LRB-,Jessa,"","",Little,Joe,-RRB-,.}",144,2,147,3,"{num_words_between=1,word_between=-LRB-}","{2.74127,0.0972702}",\N
63108@40_9-63108@40_3,63108@40,John-Lowell,0.99,"{The,Republican,from,Lowell,ran,after,her,husband,"","",John,"","",died,of,cancer,while,in,office,"","",and,she,held,the,seat,for,35,years,.}",9,1,3,1,"{word_between=husband,num_words_between=5,word_between=her,word_between=after,""word_between=,"",word_between=ran}","{1.82656,1.22389,0.696966,-0.546889,-0.438738,-0.110358}",\N
71991@31_9-71991@31_0,71991@31,Fred Thompson-THOMPSON,0.992,"{THOMPSON,TAKES,HARD,LINE,AGAINST,UNDOCUMENTED,IMMIGRANTS,Former,Sen.,Fred,Thompson,"","",R-Tenn.,"","",on,Tuesday,said,cities,and,states,that,provide,sanctuary,for,undocumented,immigrants,should,lose,their,federal,funding,.}",9,2,0,1,"{word_between=Sen.,num_words_between=8,word_between=Former,word_between=LINE,word_between=HARD,word_between=AGAINST,word_between=TAKES,word_between=UNDOCUMENTED,word_between=IMMIGRANTS}","{2.44986,0.568519,0.565385,0,0,0,0,0,0}",\N
68479@34_41-68479@34_30,68479@34,Steve Morris-James Anthony Pearson,0.984,"{WITH,:,Sam,Riley,-LRB-,Ian,Curtis,-RRB-,"","",Samantha,Morton,-LRB-,Deborah,Curtis,-RRB-,"","",Alexandra,Maria,Lara,-LRB-,Annik,Honore,-RRB-,"","",Joe,Anderson,-LRB-,Hooky,-RRB-,"","",James,Anthony,Pearson,-LRB-,Bernard,Sumner,-RRB-,"","",Harry,Treadaway,-LRB-,Steve,Morris,-RRB-,"","",Craig,Parkinson,-LRB-,Tony,Wilson,-RRB-,and,Toby,Kebbell,-LRB-,Rob,Gretton,-RRB-,.}",41,2,30,3,"{word_between=-RRB-,num_words_between=8,""word_between=,"",word_between=-LRB-,word_between=Harry,word_between=Bernard,word_between=Treadaway,word_between=Sumner}","{1.60961,0.568519,-0.438738,0.0972702,0.0668788,0,0,0}",\N
53484@20_7-53484@20_4,53484@20,Rory Cochrane-Yevgeny Tsipin,0.986,"{A,third,friend,"","",Yevgeny,Tsipin,-LRB-,Rory,Cochrane,-RRB-,"","",is,the,son,of,a,Russian,diplomat,who,returns,to,Moscow,after,Yale,and,is,also,recruited,for,cloak-and-dagger,work,"","",only,by,the,KGB,.}",7,2,4,2,"{num_words_between=1,word_between=-LRB-}","{2.74127,0.0972702}",\N
79450@4_14-79450@4_18,79450@4,Kendrick Perkins-Ray Allen,0.938,"{Four,Celtics,scored,at,least,18,points,-,Paul,Pierce,"","",Kevin,Garnett,"","",Kendrick,Perkins,"","",and,Ray,Allen,.}",14,2,18,2,"{num_words_between=2,word_between=and,""word_between=,""}","{1.16186,0.838963,-0.438738}",\N
71715@106_17-71715@106_1,71715@106,Hillary-Hugh,0.946,"{And,Hugh,and,Dorothy,"","",who,had,come,so,far,in,life,"","",wanted,to,make,sure,Hillary,knew,that,life,was,hard,.}",17,1,1,1,"{num_words_between=15,word_between=and,word_between=Dorothy,""word_between=,"",word_between=life,word_between=come,word_between=so,word_between=had,word_between=make,word_between=wanted,word_between=who,word_between=far,word_between=in,word_between=sure,word_between=to}","{1.131,0.838963,0.77565,-0.438738,0.37175,0.293837,-0.281159,-0.267328,-0.178958,-0.17315,-0.165724,-0.144395,-0.139591,0.014669,0.00318796}",\N
8800@11_27-8800@11_23,8800@11,Arthur Miller-Rich,0.934,"{Kushner,said,that,he,and,Solomon,took,great,care,to,include,a,wide,range,of,voices,in,their,collection,"","",including,those,of,Rich,"","",the,playwright,Arthur,Miller,and,various,rabbis,.}",27,2,23,1,"{num_words_between=3,""word_between=,"",word_between=playwright,word_between=the}","{1.55416,-0.438738,0.339282,0.276442}",\N
1938@37_23-1938@37_58,1938@37,Barbara Flynn-David Bamber,1,"{Cast,:,Renee,Zellweger,-LRB-,Beatrix,Potter,-RRB-,"","",Ewan,McGregor,-LRB-,Norman,Warne,-RRB-,"","",Emily,Watson,-LRB-,Millie,Warne,-RRB-,"","",Barbara,Flynn,-LRB-,Mrs.,Potter,-RRB-,"","",Bill,Paterson,-LRB-,Rupert,Potter,-RRB-,"","",Matyelok,Gibbs,-LRB-,Miss,Wiggin,-RRB-,"","",Lloyd,Owen,-LRB-,William,Heelis,-RRB-,"","",Anton,Lesser,-LRB-,Harold,Warne,-RRB-,and,David,Bamber,-LRB-,Fruing,Warne,-RRB-,.}",23,2,58,2,"{word_between=-RRB-,word_between=Bill,word_between=and,word_between=Lloyd,num_words_between=33,word_between=Mrs.,""word_between=,"",word_between=Owen,word_between=Wiggin,word_between=Potter,word_between=Matyelok,word_between=Rupert,word_between=Miss,word_between=Paterson,word_between=Anton,word_between=William,word_between=Lesser,word_between=Heelis,word_between=Harold,word_between=Gibbs,word_between=-LRB-,word_between=Warne}","{1.60961,-1.58548,0.838963,0.68976,0.624305,0.447764,-0.438738,0.379626,0.379626,0.379626,0.379626,0.379626,0.299421,0.295231,-0.291281,-0.291281,-0.269113,-0.269113,-0.269113,0.139655,0.0972702,-0.0244861}",\N
40427@33_5-40427@33_2,40427@33,Sam Coomes-Janet Weiss,0.998,"{Sleater-Kinney,drummer,Janet,Weiss,and,Sam,Coomes,play,together,in,Quasi,.}",5,2,2,2,"{num_words_between=1,word_between=and}","{2.74127,0.838963}",\N
70775@38_12-70775@38_16,70775@38,Angie Gennaro-Morgan Freeman,0.972,"{WITH,:,Casey,Affleck,-LRB-,Patrick,Kenzie,-RRB-,"","",Michelle,Monaghan,-LRB-,Angie,Gennaro,-RRB-,"","",Morgan,Freeman,-LRB-,Jack,Doyle,-RRB-,"","",Ed,Harris,-LRB-,Remy,Bressant,-RRB-,"","",John,Ashton,-LRB-,Nick,Poole,-RRB-,"","",Amy,Ryan,-LRB-,Helene,McCready,-RRB-,"","",Amy,Madigan,-LRB-,Bea,McCready,-RRB-,"","",Titus,Welliver,-LRB-,Lionel,McCready,-RRB-,"","",Madeline,O'Brien,-LRB-,Amanda,McCready,-RRB-,"","",Michael,Kenneth,Williams,-LRB-,Devin,-RRB-,"","",Jill,Quigg,-LRB-,Dottie,-RRB-,and,Slaine,-LRB-,Bubba,-RRB-,.}",12,2,16,2,"{word_between=-RRB-,num_words_between=2,""word_between=,""}","{1.60961,1.16186,-0.438738}",\N
65608@45_9-65608@45_0,65608@45,Hillary Rodham Clinton-Edwards,0.984,"{Edwards,"","",who,polls,show,running,third,behind,Sen.,Hillary,Rodham,Clinton,"","",D-N.Y.,"","",and,Sen.,Barack,Obama,"","",D-Ill.,"","",challenged,his,rivals,to,work,within,the,federal,campaign,finance,system,inaugurated,in,1976,after,the,Watergate,scandal,.}",9,3,0,1,"{word_between=Sen.,word_between=running,word_between=third,word_between=show,num_words_between=8,word_between=polls,""word_between=,"",word_between=behind,word_between=who}","{2.44986,0.993099,-0.904312,-0.712012,0.568519,0.442829,-0.438738,0.322019,-0.165724}",\N
1145@21_9-1145@21_38,1145@21,Guy Ritchie-Brad Hall,0.992,"{This,kind,of,uxorious,collaboration,has,scary,precedents,:,Guy,Ritchie,directing,his,wife,"","",Madonna,"","",in,a,remake,of,``,Swept,Away,'',;,Ben,Affleck,starring,with,Jennifer,Lopez,in,``,Gigli,'',;,and,Brad,Hall,working,with,his,wife,"","",Julia,Louis-Dreyfus,"","",on,the,sitcom,``,Watching,Ellie,.,''}",9,2,38,2,"{word_between=wife,num_words_between=27,word_between=starring,word_between='',word_between=;,word_between=and,""word_between=,"",word_between=``,word_between=Affleck,word_between=of,word_between=Ben,word_between=Jennifer,word_between=in,word_between=his,word_between=a,word_between=with,word_between=Gigli,word_between=directing,word_between=Swept,word_between=Away,word_between=Lopez,word_between=remake,word_between=Madonna}","{2.63906,1.35395,1.22302,-1.09017,-0.925758,0.838963,-0.438738,-0.273429,-0.266901,0.223005,-0.153818,-0.153462,-0.139591,0.10014,-0.0333341,0.0250102,0,0,0,0,0,0,0}",\N
143079@36_23-143079@36_30,143079@36,John Turturro-Michael Wincott,0.998,"{WITH,:,Robert,De,Niro,-LRB-,Ben,-RRB-,"","",Catherine,Keener,-LRB-,Lou,Tarnow,-RRB-,"","",Sean,Penn,-LRB-,Sean,Penn,-RRB-,"","",John,Turturro,-LRB-,Dick,Bell,-RRB-,"","",Michael,Wincott,-LRB-,Jeremy,Brunell,-RRB-,"","",Robin,Wright,Penn,-LRB-,Kelly,-RRB-,"","",Kristen,Stewart,-LRB-,Zoe,-RRB-,"","",Stanley,Tucci,-LRB-,Scott,Solomon,-RRB-,and,Bruce,Willis,-LRB-,Actor,-RRB-,.}",23,2,30,2,"{word_between=-RRB-,num_words_between=5,word_between=Dick,word_between=Bell,""word_between=,"",word_between=-LRB-}","{1.60961,1.22389,0.718841,0.703358,-0.438738,0.0972702}",\N
142799@14_4-142799@14_28,142799@14,Debbie Reynolds-Elizabeth Taylor,0.954,"{Starting,with,Mom,-LRB-,Debbie,Reynolds,-RRB-,and,Dad,-LRB-,Eddie,Fisher,-RRB-,"","",Fisher,goes,on,to,diagram,the,whole,messy,clan,"","",with,hilarious,digressions,on,Elizabeth,Taylor,"","",Richard,Burton,"","",and,Marie,``,The,Body,'',McDonald,along,the,way,.}",4,2,28,2,"{word_between=-RRB-,word_between=whole,word_between=Fisher,word_between=and,num_words_between=22,""word_between=,"",word_between=clan,word_between=the,word_between=Eddie,word_between=on,word_between=hilarious,word_between=-LRB-,word_between=with,word_between=to,word_between=Dad,word_between=messy,word_between=diagram,word_between=goes,word_between=digressions}","{1.60961,-1.28201,0.99888,0.838963,0.45178,-0.438738,-0.410172,0.276442,-0.255931,-0.210995,0.18412,0.0972702,0.0250102,0.00318796,0,0,0,0,0}",\N
96134@35_14-96134@35_9,96134@35,Katherine Heigl-Grey,0.98,"{""\\\\"",u2009,Josh,Kelley,"","",who,recently,married,``,Grey,'s,Anatomy,'',actress,Katherine,Heigl,"","",marks,another,occasion,as,he,releases,his,fourth,album,"","",``,Special,Company,.,''}",14,2,9,1,"{word_between=actress,num_words_between=4,word_between='',word_between=Anatomy,word_between='s}","{1.80966,1.62956,-1.09017,0.625745,-0.278909}",\N
92111@3_26-92111@3_23,92111@3,Obama-Bill Clinton,0.984,"{The,strategic,shift,intensifies,a,new,dynamic,in,the,race,:,Hillary,Clinton,'s,campaign,this,week,in,South,Carolina,is,essentially,running,Bill,Clinton,against,Obama,.}",26,1,23,2,"{num_words_between=1,word_between=against}","{2.74127,0.0922044}",\N
71991@84_26-71991@84_21,71991@84,Michael-Bush,1,"{The,Schiavo,case,made,its,way,to,the,Supreme,Court,and,eventually,sparked,the,intervention,of,the,Republican-led,Congress,and,President,Bush,before,Schiavo,'s,husband,Michael,removed,a,feeding,tube,in,2005,that,had,kept,his,comatose,wife,alive,for,15,years,.}",26,1,21,1,"{word_between=husband,num_words_between=4,word_between='s,word_between=before,word_between=Schiavo}","{1.82656,1.62956,-0.278909,-0.259863,0}",\N
89599@7_18-89599@7_28,89599@7,John Edwards-Kerry,1,"{Kerry,"","",who,was,the,party,'s,presidential,nominee,four,years,ago,"","",did,not,mention,Clinton,or,John,Edwards,"","",the,former,North,Carolina,senator,who,was,Kerry,'s,vice-presidential,running,mate,in,2004,.}",18,2,28,1,"{word_between=senator,word_between=North,word_between=former,num_words_between=8,""word_between=,"",word_between=the,word_between=Carolina,word_between=was,word_between=who}","{1.61313,0.848342,0.716,0.568519,-0.438738,0.276442,0.272412,-0.177015,-0.165724}",\N
92804@38_28-92804@38_14,92804@38,Roberta Finestone-Robert Diamond,0.996,"{``,The,golf,here,is,probably,the,best,in,the,Caribbean,"","",'',said,Robert,Diamond,"","",69,"","",who,owns,a,""4,200-square-foot"",house,with,his,wife,"","",Roberta,Finestone,"","",64,"","",in,La,Cana,"","",the,resort,'s,first,community,.}",28,2,14,2,"{word_between=wife,num_words_between=12,""word_between=,"",word_between=house,word_between=who,word_between=his,word_between=a,word_between=69,word_between=owns,word_between=with,""word_between=4,200-square-foot""}","{2.63906,1.47552,-0.438738,-0.327584,-0.165724,0.10014,-0.0333341,-0.0317636,0.0307356,0.0250102,0}",\N
56584@22_44-56584@22_56,56584@22,Kris Marshall-Peter Vaughan,0.99,"{Cast,:,Matthew,Macfadyen,-LRB-,Daniel,-RRB-,"","",Keeley,Hawes,-LRB-,Jane,-RRB-,"","",Andy,Nyman,-LRB-,Howard,-RRB-,"","",Ewen,Bremner,-LRB-,Justin,-RRB-,"","",Daisy,Donovan,-LRB-,Martha,-RRB-,"","",Alan,Tudyk,-LRB-,Simon,-RRB-,"","",Jane,Asher,-LRB-,Sandra,-RRB-,"","",Kris,Marshall,-LRB-,Troy,-RRB-,"","",Rupert,Graves,-LRB-,Robert,-RRB-,"","",Peter,Vaughan,-LRB-,Uncle,Alfie,-RRB-,"","",Thomas,Wheatley,-LRB-,the,Reverend,-RRB-,"","",Peter,Egan,-LRB-,Victor,-RRB-,and,Peter,Dinklage,-LRB-,Peter,-RRB-,.}",44,2,56,2,"{word_between=-RRB-,num_words_between=10,""word_between=,"",word_between=Rupert,word_between=Robert,word_between=Troy,word_between=-LRB-,word_between=Graves}","{1.60961,1.17943,-0.438738,0.379626,-0.342956,-0.146481,0.0972702,0}",\N
72549@33_98-72549@33_42,72549@33,John Turturro-Bette Lustig,0.958,"{WITH,:,Anthony,Hopkins,-LRB-,Felix,Bonhoeffer,-RRB-,"","",Stella,Arroyave,-LRB-,Gina,-RRB-,"","",Gavin,Grazer,-LRB-,Gavin/Paramedic,-RRB-,"","",Lisa,Pepper,-LRB-,Tracy,-RRB-,"","",Christian,Slater,-LRB-,Ray,-RRB-,"","",Kevin,McCarthy,-LRB-,himself,-RRB-,"","",Fionnula,Flanagan,-LRB-,Bette,Lustig,-RRB-,"","",Camryn,Manheim,-LRB-,Barbara,-RRB-,"","",Jeffrey,Tambor,-LRB-,Geek/Margolis,-RRB-,"","",Christopher,Kennedy,Lawford,-LRB-,Lars,-RRB-,"","",Lana,Antonova,-LRB-,Lilly,-RRB-,"","",Gene,Borkan,-LRB-,Mel/Shel,-RRB-,"","",Michael,Clarke,Duncan,-LRB-,Mort,-RRB-,"","",Jennifer,Mann,-LRB-,Joanie,-RRB-,"","",S.,Epatha,Merkerson,-LRB-,Bonnie,Sylvester,-RRB-,and,John,Turturro,-LRB-,Harvey,-RRB-,.}",98,2,42,2,"{word_between=Mann,word_between=-RRB-,word_between=Michael,word_between=and,num_words_between=54,word_between=Barbara,word_between=Christopher,""word_between=,"",word_between=Kennedy,word_between=Jennifer,word_between=-LRB-,word_between=Gene,word_between=S.,word_between=Jeffrey,word_between=Borkan,word_between=Merkerson,word_between=Joanie,word_between=Mel/Shel,word_between=Clarke,word_between=Mort,word_between=Camryn,word_between=Lilly,word_between=Manheim,word_between=Antonova,word_between=Tambor,word_between=Bonnie,word_between=Lars,word_between=Duncan,word_between=Sylvester,word_between=Lana,word_between=Lawford,word_between=Epatha,word_between=Geek/Margolis}","{-1.63681,1.60961,1.16819,0.838963,0.642747,0.481329,-0.463944,-0.438738,-0.334191,-0.153462,0.0972702,-0.0417392,-0.00754544,0,0,0,0,0,0,0,0,0,0,0,0,0,0,0,0,0,0,0,0}",\N
39154@3_75-39154@3_40,39154@3,Diana Ross-Elizabeth Taylor,1,"{Seawell,'s,subjects,"","",who,sat,for,him,in,the,pre-paparazzi,days,"","",when,photographers,tried,to,make,stars,look,their,best,"","",included,almost,everyone,who,was,someone,in,movies,and,music,from,the,1940s,through,the,1980s,:,Elizabeth,Taylor,"","",Gregory,Peck,"","",Sophia,Loren,"","",Nat,King,Cole,"","",Janet,Leigh,"","",Jayne,Mansfield,"","",Audrey,Hepburn,"","",Tony,Curtis,"","",Paul,Newman,"","",Eva,Gardner,"","",Joan,Collins,"","",and,Diana,Ross,.}",75,2,40,2,"{word_between=Tony,word_between=Paul,word_between=and,num_words_between=33,""word_between=,"",word_between=Leigh,word_between=Jayne,word_between=Hepburn,word_between=Audrey,word_between=Mansfield,word_between=Cole,word_between=Gregory,word_between=King,word_between=Joan,word_between=Janet,word_between=Collins,word_between=Curtis,word_between=Eva,word_between=Peck,word_between=Sophia,word_between=Gardner,word_between=Loren,word_between=Nat,word_between=Newman}","{1.45956,1.08468,0.838963,0.624305,-0.438738,-0.336649,0.288389,0.288389,0.288389,0.288389,0.174485,-0.125921,0.0645122,-0.0550447,-0.0518213,-0.0112033,0.00235825,0,0,0,0,0,0,0}",\N
56239@25_29-56239@25_5,56239@25,Jin-Roy L. Pearson,0.962,"{A,:,In,June,"","",Roy,L.,Pearson,was,ordered,to,pay,clerical,court,costs,of,about,$,""1,000"",to,defendants,and,owners,of,Custom,Cleaners,"","",Soo,"","",Jin,and,Ki,Y.,Chung,.}",29,1,5,3,"{word_between=about,word_between=and,word_between=pay,num_words_between=21,word_between=$,word_between=court,""word_between=,"",word_between=of,word_between=was,""word_between=1,000"",word_between=ordered,word_between=to,word_between=Custom,word_between=clerical,word_between=Cleaners,word_between=costs,word_between=owners,word_between=Soo,word_between=defendants}","{-1.21439,0.838963,0.834676,0.683302,0.657742,0.553875,-0.438738,0.223005,-0.177015,-0.0917271,-0.0504778,0.00318796,0,0,0,0,0,0,0}",\N
139358@22_53-139358@22_50,139358@22,Nathan Lane-Julia Roberts,0.992,"{What,a,role,model,for,all,of,us,"","",'',said,Grossman,"","",who,used,to,attend,the,fund-raisers,Newman,held,for,his,Hole,in,the,Wall,Gang,camps,for,children,with,serious,illnesses,and,their,families,;,the,kids,would,always,sit,up,front,"","",with,celebrities,such,as,Julia,Roberts,and,Nathan,Lane,.}",53,2,50,2,"{num_words_between=1,word_between=and}","{2.74127,0.838963}",\N
71209@4_52-71209@4_16,71209@4,Alan Jay Lerner-Elizabeth Taylor,0.988,"{His,constellation,included,the,writers,James,Baldwin,"","",Lillian,Hellman,and,Carson,McCullers,;,the,actors,Elizabeth,Taylor,"","",Richard,Burton,"","",Yul,Brynner,"","",Montgomery,Clift,"","",Myrna,Loy,and,Liv,Ullmann,;,the,photographer,Arnold,Newman,"","",the,film,director,Milos,Forman,"","",the,playwright,Peter,Shaffer,and,the,lyricist,Alan,Jay,Lerner,.}",52,3,16,2,"{word_between=Richard,word_between=;,word_between=and,word_between=Burton,word_between=director,""word_between=,"",num_words_between=34,word_between=Arnold,word_between=playwright,word_between=the,word_between=film,word_between=Peter,word_between=photographer,word_between=lyricist,word_between=Brynner,word_between=Montgomery,word_between=Ullmann,word_between=Milos,word_between=Loy,word_between=Shaffer,word_between=Myrna,word_between=Forman,word_between=Newman,word_between=Yul,word_between=Liv,word_between=Clift}","{1.04475,-0.925758,0.838963,0.743334,0.481679,-0.438738,0.400045,-0.379223,0.339282,0.276442,0.148504,0.0250221,0.015355,0,0,0,0,0,0,0,0,0,0,0,0,0}",\N
34215@40_53-34215@40_92,34215@40,Dorothy Fields-Duke Leonard,0.926,"{PRODUCTION,NOTES,`,STAIRWAY,TO,PARADISE,:,50,Years,of,Revue,in,Review,',Music,"","",lyrics,and,sketches,by,Nora,Bayes,"","",Irving,Berlin,"","",Eubie,Blake,"","",Henry,Blossom,"","",Elisse,Boyd,"","",Bob,Cole,"","",Betty,Comden,"","",B.G.,DeSylva,"","",Howard,Dietz,"","",Jimmy,Durante,"","",Leo,Edwards,"","",Dorothy,Fields,"","",George,Gershwin,"","",Ira,Gershwin,"","",Jay,Gorney,"","",Murray,Grand,"","",Adolph,Green,"","",E.Y.,Harburg,"","",Lorenz,Hart,"","",Victor,Herbert,"","",J.W.,Johnson,"","",Jerome,Kern,"","",Jean,Kerr,"","",Walter,Kerr,"","",Duke,Leonard,"","",Jimmy,McHugh,"","",Blanche,Merrill,"","",Ed,G.,Nelson,"","",Jack,Norworth,"","",Harry,Pease,"","",Andy,Razaf,"","",Richard,Rodgers,"","",Harold,Rome,"","",Arthur,Schwartz,"","",Paul,Gerard,Smith,"","",Jule,Styne,and,P.G.,Wodehouse,;,directed,by,Jerry,Zaks,;,guest,music,director,"","",vocal,and,dance,arranger,"","",Rob,Berman,;,conceived,by,Jack,Viertel,;,set,consultation,by,John,Lee,Beatty,;,sound,by,Tom,Morse,;,costume,consultation,by,William,Ivey,Long,;,lighting,by,Paul,Gallo,;,orchestrations,"","",Jonathan,Tunick,;,music,coordinator,"","",Seymour,Red,Press,;,company,manager,"","",Michael,Zande,;,production,stage,manager,"","",Rolt,Smith,;,choreography,by,Warren,Carlyle,.}",53,2,92,2,"{word_between=Johnson,""word_between=,"",num_words_between=37,word_between=Jay,word_between=George,word_between=Ira,word_between=Grand,word_between=Kern,word_between=Kerr,word_between=Gershwin,word_between=Adolph,word_between=Gorney,word_between=Lorenz,word_between=Victor,word_between=Hart,word_between=Jerome,word_between=Harburg,word_between=E.Y.,word_between=Murray,word_between=J.W.,word_between=Herbert,word_between=Jean,word_between=Walter,word_between=Green}","{-0.944554,-0.438738,-0.434851,0.429815,0.371596,0.174485,0.174485,0.174485,0.174485,0.174485,0.174485,0.174485,0.174485,0.174485,0.174485,0.174485,0.174485,0.174485,0.174485,0.174485,0.174485,-0.139167,0.132745,-0.0504078}",\N
82383@28_22-82383@28_10,82383@28,Jimmy Johnson-Kelsey Grammer,0.98,"{REPUBLICANS,:,Former,Mayor,Rudy,Giuliani,of,New,York,-,Kelsey,Grammer,"","",Adam,Sandler,"","",Ben,Stein,"","",Jeff,Gordon,"","",Jimmy,Johnson,.}",22,2,10,2,"{num_words_between=10,word_between=Sandler,word_between=Adam,""word_between=,"",word_between=Ben,word_between=Jeff,word_between=Stein,word_between=Gordon}","{1.17943,0.859174,0.859174,-0.438738,-0.153818,-0.123654,0,0}",\N
93111@20_25-93111@20_15,93111@20,Clinton-Obama,0.944,"{Clinton,'s,lead,among,whites,has,widened,"","",53,percent,to,24,percent,"","",and,Obama,has,a,63,percent,to,23,percent,lead,over,Clinton,among,African-Americans,.}",25,1,15,1,"{num_words_between=9,word_between=over,word_between=lead,word_between=has,word_between=23,word_between=percent,word_between=63,word_between=a,word_between=to}","{1.9751,-0.882999,-0.714503,0.652855,0.641071,-0.0376919,-0.0376919,-0.0333341,0.00318796}",\N
64633@30_19-64633@30_30,64633@30,Katie Vasser-Kevin McKidd,1,"{WITH,:,Moon,Bloodgood,-LRB-,Livia,Beale,-RRB-,"","",Reed,Diamond,-LRB-,Jack,Vasser,-RRB-,"","",Gretchen,Egolf,-LRB-,Katie,Vasser,-RRB-,"","",Brian,Howe,-LRB-,Hugh,Skillen,-RRB-,"","",Kevin,McKidd,-LRB-,Dan,Vasser,-RRB-,.}",19,2,30,2,"{num_words_between=9,word_between=-RRB-,word_between=Howe,word_between=Skillen,""word_between=,"",word_between=Brian,word_between=-LRB-,word_between=Hugh}","{1.9751,1.60961,0.48171,0.48171,-0.438738,0.415205,0.0972702,0.0197653}",\N
37775@43_31-37775@43_6,37775@43,Douglas Korn-Giuliani,0.978,"{Not,to,be,left,out,"","",Giuliani,also,asked,$,""2,300"",a,head,of,the,130,or,so,people,who,turned,out,to,meet,him,last,Sunday,at,the,home,of,Douglas,Korn,"","",a,Bear,Stearns,executive,"","",and,Korn,'s,wife,"","",Elizabeth,.}",31,2,6,1,"{word_between=him,word_between=asked,word_between=turned,word_between=$,num_words_between=24,word_between=out,word_between=or,word_between=also,word_between=home,word_between=so,word_between=the,word_between=of,word_between=last,word_between=head,word_between=who,word_between=people,word_between=at,word_between=a,word_between=Sunday,word_between=to,""word_between=2,300"",word_between=130,word_between=meet}","{1.23357,-0.895984,0.747371,0.657742,0.495758,0.488658,-0.436603,-0.363506,0.319519,-0.281159,0.276442,0.223005,0.214409,-0.182258,-0.165724,0.144599,-0.106327,-0.0333341,-0.0174773,0.00318796,0,0,0}",\N
19606@12_4-19606@12_11,19606@12,Jesse-Clinton,0.912,"{Silver,'s,son,"","",Jesse,"","",a,college,student,who,supports,Clinton,"","",said,he,was,spreading,the,word,at,the,conference,about,Obama,'s,remark,.}",4,1,11,1,"{num_words_between=6,word_between=college,""word_between=,"",word_between=supports,word_between=who,word_between=a,word_between=student}","{1.70347,0.707001,-0.438738,-0.310079,-0.165724,-0.0333341,0}",\N
58165@14_5-58165@14_3,58165@14,Clinton-Edwards,0.99,"{Nationwide,polls,show,Edwards,trailing,Clinton,and,Sen.,Barack,Obama,"","",D-Ill.,"","",for,the,Democratic,nomination,.}",5,1,3,1,"{num_words_between=1,word_between=trailing}","{2.74127,0}",\N
93505@3_9-93505@3_30,93505@3,Clinton-Barack Obama,0.934,"{The,move,comes,as,Democrats,inside,and,outside,the,Clinton,campaign,were,debating,"","",and,in,some,cases,bemoaning,"","",the,degree,to,which,Bill,Clinton,'s,criticism,of,Sen.,Barack,Obama,of,Illinois,last,week,had,inflicted,lasting,damage,on,his,wife,'s,candidacy,.}",9,1,30,2,"{word_between=Sen.,word_between=were,word_between=Bill,word_between=cases,word_between=some,word_between=campaign,word_between=and,""word_between=,"",word_between=criticism,num_words_between=20,word_between=Clinton,word_between='s,word_between=the,word_between=of,word_between=in,word_between=which,word_between=bemoaning,word_between=degree,word_between=debating,word_between=to}","{2.44986,-1.81311,-1.58548,1.53167,1.15939,-0.906488,0.838963,-0.438738,-0.399497,0.358372,0.328933,-0.278909,0.276442,0.223005,-0.139591,0.111752,-0.0928797,-0.0928797,-0.0928797,0.00318796}",\N
71991@68_0-71991@68_41,71991@68,THOMPSON-Terry Schiavo,0.99,"{THOMPSON,UPDATES,HIS,RESPONSE,TO,SCHIAVO,QUERY,On,his,first,campaign,visit,to,Florida,after,launching,his,presidential,campaign,on,Sept.,6,"","",former,Sen.,Fred,Thompson,"","",R-Tenn.,"","",said,that,he,did,n't,know,enough,about,Florida,'s,headline-grabbing,Terry,Schiavo,right-to-die,case,to,venture,an,opinion,.}",0,1,41,2,"{word_between=Sen.,word_between=visit,word_between=presidential,word_between=about,num_words_between=40,word_between=Florida,word_between=said,word_between=he,word_between=campaign,word_between=n't,word_between=former,word_between=after,word_between=did,word_between=On,""word_between=,"",word_between=Sept.,word_between=that,word_between='s,word_between=know,word_between=Thompson,word_between=on,word_between=his,word_between=first,word_between=enough,word_between=to,word_between=SCHIAVO,word_between=R-Tenn.,word_between=HIS,word_between=RESPONSE,word_between=headline-grabbing,word_between=launching,word_between=Fred,word_between=6,word_between=TO,word_between=QUERY,word_between=UPDATES}","{2.44986,1.40141,1.38947,-1.21439,-1.04716,0.991071,-0.976255,0.952951,-0.906488,0.846391,0.716,-0.546889,0.535413,0.511011,-0.438738,-0.389346,-0.341135,-0.278909,-0.275126,-0.218136,-0.210995,0.10014,-0.0945273,-0.0667605,0.00318796,0,0,0,0,0,0,0,0,0,0,0}",\N
148797@53_27-148797@53_9,148797@53,David Bologna-Gregory Jbara,0.996,"{WITH,:,Haydn,Gwynne,-LRB-,Mrs.,Wilkinson,-RRB-,"","",Gregory,Jbara,-LRB-,Dad,-RRB-,"","",Carole,Shelley,-LRB-,Grandma,-RRB-,and,Santino,Fontana,-LRB-,Tony,-RRB-,"","",David,Bologna,and,Frank,Dolce,-LRB-,Michael,-RRB-,"","",and,David,Alvarez,"","",Trent,Kowalik,and,Kiril,Kulish,-LRB-,Billy,-RRB-,.}",27,2,9,2,"{word_between=-RRB-,word_between=Tony,num_words_between=16,word_between=and,""word_between=,"",word_between=Carole,word_between=-LRB-,word_between=Santino,word_between=Dad,word_between=Fontana,word_between=Grandma,word_between=Shelley}","{1.60961,1.45956,0.881229,0.838963,-0.438738,-0.405876,0.0972702,0,0,0,0,0}",\N
154428@114_35-154428@114_26,154428@114,Kelley Benham-Ben Montgomery,0.98,"{This,story,was,reported,by,Lucy,Morgan,at,the,ceremony,"","",and,by,Mary,Jane,Park,"","",Jennifer,Liberto,"","",Lane,DeGregory,"","",Robert,Farley,"","",Ben,Montgomery,"","",Nicole,Hutcheson,"","",Jamal,Thalji,and,Kelley,Benham,.}",35,2,26,2,"{num_words_between=7,word_between=and,word_between=Nicole,""word_between=,"",word_between=Thalji,word_between=Jamal,word_between=Hutcheson}","{1.394,0.838963,0.512899,-0.438738,0,0,0}",\N
9812@39_32-9812@39_26,9812@39,Tori Spelling-Tom Cruise,0.978,"{``,In,Style,Celebrity,Weddings,'',-LRB-,10,p.m.,Monday,"","",ABC,-RRB-,takes,you,go,behind,the,scenes,of,high-profile,nuptials,"","",including,those,of,Tom,Cruise,and,Katie,Holmes,"","",Tori,Spelling,and,Dean,McDermott,and,Avril,Lavigne,and,Deryck,Whibley,.}",32,2,26,2,"{num_words_between=4,word_between=and,""word_between=,"",word_between=Holmes,word_between=Katie}","{1.62956,0.838963,-0.438738,0,0}",\N
154431@0_2-154431@0_22,154431@0,Jeff Atwater-Joyce,0.994,"{Guest,list,Jeff,Atwater,"","",Senate,president,Al,Austin,"","",Republican,fundraiser,from,Tampa,St.,Petersburg,Mayor,Rick,Baker,and,wife,"","",Joyce,"","",St.,Petersburg,Brian,Ballard,"","",former,chief,of,staff,for,Gov.,Bob,Martinez,and,a,campaign,adviser,to,Crist,Rodney,Barreto,"","",a,Crist,fundraiser,Ron,Book,"","",South,Florida,lobbyist,Charlie,Bronson,"","",agriculture,commissioner,Dean,Colson,"","",a,Miami,lawyer,and,adviser,to,the,governor,on,higher,education,issues,Dr.,Akshay,Desai,"","",head,of,Universal,Health,Care,Insurance,in,St.,Petersburg,Eric,Eikenberg,"","",Crist,'s,chief,of,staff,Fazal,Fazlin,"","",entrepreneur,-LRB-,held,fundraisers,for,Crist,during,the,gubernatorial,campaign,-RRB-,"","",St.,Petersburg,.}",2,2,22,1,"{word_between=wife,num_words_between=18,word_between=president,word_between=and,word_between=St.,word_between=Austin,word_between=Petersburg,word_between=Republican,""word_between=,"",word_between=Mayor,word_between=from,word_between=fundraiser,word_between=Al,word_between=Senate,word_between=Baker,word_between=Rick,word_between=Tampa}","{2.63906,-1.2003,0.883282,0.838963,0.796338,0.596521,0.508361,0.452104,-0.438738,0.435878,-0.359137,0.342278,-0.338727,-0.0182803,0,0,0}",\N
79450@15_20-79450@15_0,79450@15,Bryant-Rivers,0.922,"{Rivers,also,did,n't,seem,concerned,about,the,possibility,of,Allen,and,James,Posey,getting,into,foul,trouble,while,guarding,Bryant,.}",20,1,0,1,"{num_words_between=19,word_between=about,word_between=into,word_between=while,word_between=getting,word_between=n't,word_between=and,word_between=concerned,word_between=possibility,word_between=did,word_between=also,word_between=James,word_between=the,word_between=of,word_between=trouble,word_between=seem,word_between=Posey,word_between=Allen,word_between=foul,word_between=guarding}","{1.41436,-1.21439,-1.08872,-0.988597,0.913542,0.846391,0.838963,0.838511,-0.557298,0.535413,-0.363506,-0.347285,0.276442,0.223005,-0.120158,-0.0406344,-0.0377871,0,0,0}",\N
102122@5_41-102122@5_39,102122@5,Dave Frishberg-Mandel,0.99,"{The,documentary,"","",which,had,its,premiere,Wednesday,in,Westwood,before,heading,to,the,festival,circuit,"","",is,filled,with,testimonials,from,the,likes,of,Clint,Eastwood,"","",Billy,Crystal,"","",the,late,Merv,Griffin,"","",Botti,"","",songwriters,Mandel,and,Dave,Frishberg,"","",and,top,Hollywood,producer,Frank,Marshall,.}",41,2,39,1,"{num_words_between=1,word_between=and}","{2.74127,0.838963}",\N
