relation_id,sentence_id,description,is_true,expectation,words,p1_start,p1_length,p2_start,p2_length,p2_length,features,weights
132478@16_17-132478@16_7,132478@16,Benazir Bhutto-Asif Ali Zardari,t,0.932,"{The,candidate,for,the,major,party,"","",Asif,Ali,Zardari,"","",the,widower,of,former,Prime,Minister,Benazir,Bhutto,"","",is,favored,to,win,and,to,become,the,next,president,following,the,resignation,under,pressure,of,President,Pervez,Musharraf,.}",17,2,7,3,3,"{IS_INVERTED,INV_STARTS_WITH_CAPITAL_[True_True],INV_NGRAM_1_[widower],INV_LENGTHS_[2_3],""INV_NGRAM_2_[widower of]"",INV_NGRAM_1_[Minister]}","{-1.73068,-1.55347,1.43559,1.03189,0.971288,-0.589202}"
NYT_ENG_20080905.0101.LDC2009T13_98_2-NYT_ENG_20080905.0101.LDC2009T13_98_9,NYT_ENG_20080905.0101.LDC2009T13_98,Eleanor Clark-Robert Penn Warren,t,0.922,"{The,writer,Eleanor,Clark,"","",who,was,married,to,Robert,Penn,Warren,and,wrote,a,book,about,a,French,seacoast,village,that,has,harvested,Belon,oysters,for,centuries,"","",put,it,well,:}",2,2,9,3,3,"{STARTS_WITH_CAPITAL_[True_True],NGRAM_1_[marry],KW_IND_[married],LENGTHS_[2_3],W_NER_L_1_R_1_[TITLE]_[O],""NGRAM_1_[,]""}","{-2.82352,1.27492,1.03371,0.839476,-0.583471,-0.498875}"
APW_ENG_20070309.1597.LDC2009T13_12_6-APW_ENG_20070309.1597.LDC2009T13_12_0,APW_ENG_20070309.1597.LDC2009T13_12,Sunrise Coigney-Mark Ruffalo,t,0.946,"{Mark,Ruffalo,and,his,wife,"","",Sunrise,Coigney,"","",will,add,another,little,one,to,their,brood,this,fall,.}",6,2,0,2,2,"{IS_INVERTED,INV_STARTS_WITH_CAPITAL_[True_True],INV_NGRAM_1_[wife],INV_KW_IND_[married],INV_LENGTHS_[3_2],""INV_NER_SEQ_[O O O O]""}","{-1.73068,-1.55347,1.45089,1.1142,1.02046,0.525749}"
96392@47_18-96392@47_9,96392@47,Yasser Arafat-Suha Arafat,t,0.968,"{Skeptics,about,Clinton,still,recall,her,1999,embrace,of,Suha,Arafat,"","",wife,of,the,late,Palestinian,leader,Yasser,Arafat,"","",during,a,visit,to,the,West,Bank,.}",18,2,9,2,2,"{IS_INVERTED,INV_STARTS_WITH_CAPITAL_[True_True],INV_NGRAM_1_[wife],INV_KW_IND_[married],INV_LENGTHS_[2_2],""INV_NGRAM_2_[wife of]""}","{-1.73068,-1.55347,1.45089,1.1142,0.903033,0.781621}"
NYT_ENG_20070825.0087.LDC2009T13_1014_6-NYT_ENG_20070825.0087.LDC2009T13_1014_0,NYT_ENG_20070825.0087.LDC2009T13_1014,Mitt Romney-Ann Romney,t,0.986,"{Ann,Romney,"","",the,wife,of,Mitt,Romney,"","",was,asked,what,set,her,husband,apart,from,the,other,candidates,.}",6,2,0,2,2,"{IS_INVERTED,INV_STARTS_WITH_CAPITAL_[True_True],INV_NGRAM_1_[wife],INV_KW_IND_[married],INV_LENGTHS_[2_2],""INV_NGRAM_2_[wife of]""}","{-1.73068,-1.55347,1.45089,1.1142,0.903033,0.781621}"
AFP_ENG_20080718.0069.LDC2009T13_6_0-AFP_ENG_20080718.0069.LDC2009T13_6_15,AFP_ENG_20080718.0069.LDC2009T13_6,Britney Spears-Kevin Federline,t,0.954,"{Britney,Spears,has,dropped,her,bid,to,regain,custody,of,her,two,children,with,ex-husband,Kevin,Federline,"","",heading,off,a,potentially,explosive,and,traumatic,court-room,trial,"","",lawyers,said,Friday,.}",0,2,15,2,2,"{STARTS_WITH_CAPITAL_[True_True],NGRAM_1_[ex-husband],NGRAM_1_[she],LENGTHS_[2_3],NGRAM_1_[custody],W_NER_L_1_R_1_[O]_[O]}","{-2.82352,1.46291,0.921399,0.839476,0.714168,-0.343069}"
AFP_ENG_20071211.0177.LDC2009T13_209_24-AFP_ENG_20071211.0177.LDC2009T13_209_31,AFP_ENG_20071211.0177.LDC2009T13_209,Michelle Obama-Barack Obama,t,0.938,"{The,airport,in,the,state,capital,"","",Des,Moines,"","",was,closed,due,to,the,weather,"","",which,also,put,paid,to,plans,by,Michelle,Obama,"","",wife,of,Democratic,challenger,Barack,Obama,to,campaign,in,the,state,on,Tuesday,.}",24,2,31,2,2,"{STARTS_WITH_CAPITAL_[True_True],NGRAM_1_[wife],KW_IND_[married],""BETW_D_[appos DICT_married prep_of]"",""NGRAM_2_[wife of]"",LENGTHS_[2_2]}","{-2.82352,1.36327,1.03371,0.764251,0.728822,0.718423}"
LTW_ENG_20070714.0119.LDC2009T13_422_23-LTW_ENG_20070714.0119.LDC2009T13_422_30,LTW_ENG_20070714.0119.LDC2009T13_422,Marguerite Simpson-O.J. Simpson,,0.908,"{Fain,also,represented,actor,Lee,Majors,in,his,divorce,from,Farrah,Fawcett,"","",Rod,Steiger,in,his,divorce,from,Sherry,Steiger,"","",and,Marguerite,Simpson,"","",the,first,wife,of,O.J.,Simpson,.}",23,2,30,2,2,"{STARTS_WITH_CAPITAL_[True_True],NGRAM_1_[wife],KW_IND_[married],LENGTHS_[3_2],""BETW_D_[appos DICT_married prep_of]"",""NGRAM_2_[wife of]""}","{-2.82352,1.36327,1.03371,0.977436,0.764251,0.728822}"
AFP_ENG_20080516.0780.LDC2009T13_8_3-AFP_ENG_20080516.0780.LDC2009T13_8_16,AFP_ENG_20080516.0780.LDC2009T13_8,Shania Twain-Robert Lange,t,0.902,"{Country,pop,diva,Shania,Twain,is,separating,from,her,husband,of,14,years,"","",music,producer,Robert,Lange,"","",it,was,reported,on,Thursday,.}",3,2,16,2,2,"{STARTS_WITH_CAPITAL_[True_True],NGRAM_1_[husband],KW_IND_[married],NGRAM_1_[she],LENGTHS_[2_2],""NGRAM_1_[,]""}","{-2.82352,1.26825,1.03371,0.921399,0.718423,-0.498875}"
APW_ENG_20070120.0120.LDC2009T13_75_1-APW_ENG_20070120.0120.LDC2009T13_75_9,APW_ENG_20070120.0120.LDC2009T13_75,Hillary Rodham Clinton-Bill Clinton,t,0.974,"{Sen.,Hillary,Rodham,Clinton,"","",wife,of,former,President,Bill,Clinton,"","",has,yet,to,enter,the,race,officially,but,is,widely,considered,the,front-runner,.}",1,3,9,2,2,"{STARTS_WITH_CAPITAL_[True_True],NGRAM_1_[wife],LENGTHS_[4_2],KW_IND_[married],""NGRAM_2_[former President]"",""BETW_D_[appos DICT_married prep_of]""}","{-2.82352,1.36327,1.08087,1.03371,0.93647,0.764251}"
APW_ENG_20080202.0645.LDC2009T13_13_6-APW_ENG_20080202.0645.LDC2009T13_13_1,APW_ENG_20080202.0645.LDC2009T13_13,Carla Bruni-Nicolas Sarkozy,t,0.95,"{President,Nicolas,Sarkozy,married,former,model,Carla,Bruni,in,a,small,ceremony,Saturday,"","",the,couple,announced,.}",6,2,1,2,2,"{IS_INVERTED,INV_STARTS_WITH_CAPITAL_[True_True],INV_NGRAM_1_[marry],INV_KW_IND_[married],INV_LENGTHS_[2_3],INV_NGRAM_1_[model]}","{-1.73068,-1.55347,1.21759,1.1142,1.03189,0.581216}"
eng-WL-11-174595-12968437_296_24-eng-WL-11-174595-12968437_296_76,eng-WL-11-174595-12968437_296,Lindsay Lohan-Kevin Federline,,0.936,"{Not,only,has,the,Canterbury,Institute,decided,to,target,Britney,Spears,in,their,Do,n't,Die,ad,campaign,-LRB-,much,like,they,did,to,Lindsay,Lohan,last,month,-RRB-,which,runs,today,in,the,New,York,Daily,News,but,the,judge,'s,ruling,in,the,ongoing,Spederline,custody,battle,-LRB-,the,most,recent,hearing,was,last,Friday,-RRB-,was,released,yesterday,and,"","",unfortch,for,her,"","",Britney,did,not,win,back,custody,from,her,ex-husband,Kevin,Federline,:}",24,2,76,2,2,"{STARTS_WITH_CAPITAL_[True_True],NGRAM_1_[ex-husband],NGRAM_1_[she],LENGTHS_[2_3],NGRAM_1_[custody],""BETW_D_[dep : dep]""}","{-2.82352,1.46291,0.921399,0.839476,0.714168,0.55117}"
NYT_ENG_20071219.0056.LDC2009T13_92_9-NYT_ENG_20071219.0056.LDC2009T13_92_18,NYT_ENG_20071219.0056.LDC2009T13_92,Tess Gallagher-Raymond Carver,t,0.93,"{Writer-editor,relations,appear,front,and,center,these,days,because,Tess,Gallagher,"","",the,widow,of,short,story,writer,Raymond,Carver,"","",is,suggesting,that,Carver,'s,editor,"","",Gordon,Lish,"","",bowdlerized,the,Carver,oeuvre,.}",9,2,18,2,2,"{STARTS_WITH_CAPITAL_[True_True],KW_IND_[married],NGRAM_1_[widow],""BETW_D_[appos DICT_married prep_of]"",LENGTHS_[2_2],""NGRAM_2_[widow of]""}","{-2.82352,1.03371,0.786356,0.764251,0.718423,0.550942}"
97494@14_16-97494@14_10,97494@14,Jay Inslee-Trudi Inslee,t,0.924,"{``,This,is,not,an,abortion,pill,"","",'',emphasized,Trudi,Inslee,"","",wife,of,Rep.,Jay,Inslee,"","",D-Wash.,"","",and,a,board,member,of,the,NARAL,Pro-,Choice,Washington,Foundation,.}",16,2,10,2,2,"{IS_INVERTED,INV_STARTS_WITH_CAPITAL_[True_True],INV_NGRAM_1_[wife],INV_KW_IND_[married],INV_LENGTHS_[2_2],""INV_NGRAM_2_[wife of]""}","{-1.73068,-1.55347,1.45089,1.1142,0.903033,0.781621}"
AFP_ENG_20081029.0818.LDC2009T13_122_21-AFP_ENG_20081029.0818.LDC2009T13_122_15,AFP_ENG_20081029.0818.LDC2009T13_122,Barack Obama-Michelle Obama,t,0.982,"{``,We,ca,n't,look,back,and,think,about,what,might,have,been,"","",'',Michelle,Obama,"","",wife,of,front-runner,Barack,Obama,"","",said,Saturday,in,the,Democratic,Weekly,Radio,Address,"","",warning,listeners,not,to,get,complacent,.}",21,2,15,2,2,"{IS_INVERTED,INV_STARTS_WITH_CAPITAL_[True_True],INV_NGRAM_1_[wife],INV_KW_IND_[married],INV_LENGTHS_[2_2],""INV_NGRAM_2_[wife of]""}","{-1.73068,-1.55347,1.45089,1.1142,0.903033,0.781621}"
4093@3_64-4093@3_32,4093@3,Katie Holmes-Tom Cruise,t,0.902,"{Dressed,in,a,black,suit,with,a,white,shirt,and,skinny,black,tie,"","",Beckham,did,his,best,to,remind,everyone,he,is,n't,coming,to,Hollywood,to,co-star,with,his,pal,Tom,Cruise,in,the,next,Mission,Impossible,movie,or,see,his,wife,"","",Victoria,"","",the,former,Posh,Spice,of,the,Spice,Girls,"","",shop,until,she,drops,on,Rodeo,Drive,with,Katie,Holmes,.}",64,2,32,2,2,"{IS_INVERTED,INV_STARTS_WITH_CAPITAL_[True_True],INV_NGRAM_1_[wife],INV_KW_IND_[married],INV_NGRAM_1_[she],INV_LENGTHS_[2_2]}","{-1.73068,-1.55347,1.45089,1.1142,0.904792,0.903033}"
APW_ENG_20081204.0140.LDC2009T13_440_27-APW_ENG_20081204.0140.LDC2009T13_440_0,APW_ENG_20081204.0140.LDC2009T13_440,Dion Phaneuf-Avery,,0.92,"{Avery,'s,former,girlfriend,"","",actress,Elisha,Cuthbert,of,the,television,show,``,24,'',and,the,movie,``,Old,School,"","",'',is,dating,Calgary,defenseman,Dion,Phaneuf,.}",27,2,0,1,1,"{IS_INVERTED,INV_STARTS_WITH_CAPITAL_[True_True],INV_NGRAM_1_[girlfriend],INV_W_LEMMA_L_1_R_1_[.]_[.],INV_NGRAM_1_[actress],INV_NGRAM_1_[date]}","{-1.73068,-1.55347,1.5276,0.914383,0.653409,0.567319}"
APW_ENG_20070322.0750.LDC2009T13_361_18-APW_ENG_20070322.0750.LDC2009T13_361_25,APW_ENG_20070322.0750.LDC2009T13_361,Blake Edwards-Julie Andrews,t,0.934,"{Wexler,found,success,treating,clients,who,were,well-known,in,Hollywood,"","",even,sharing,a,screenplay,credit,with,director,Blake,Edwards,"","",the,husband,of,actress,Julie,Andrews,"","",for,the,movies,``,The,Man,Who,Loved,Women,'',and,``,That,'s,Life,!,''}",18,2,25,2,2,"{STARTS_WITH_CAPITAL_[True_True],NGRAM_1_[husband],KW_IND_[married],""BETW_D_[appos DICT_married prep_of]"",LENGTHS_[2_2],NGRAM_1_[actress]}","{-2.82352,1.26825,1.03371,0.764251,0.718423,0.681299}"
96392@47_9-96392@47_18,96392@47,Suha Arafat-Yasser Arafat,t,0.97,"{Skeptics,about,Clinton,still,recall,her,1999,embrace,of,Suha,Arafat,"","",wife,of,the,late,Palestinian,leader,Yasser,Arafat,"","",during,a,visit,to,the,West,Bank,.}",9,2,18,2,2,"{STARTS_WITH_CAPITAL_[True_True],NGRAM_1_[wife],KW_IND_[married],""BETW_D_[appos DICT_married prep_of]"",""NGRAM_2_[wife of]"",LENGTHS_[2_2]}","{-2.82352,1.36327,1.03371,0.764251,0.728822,0.718423}"
116204@4_16-116204@4_3,116204@4,John Kerry-Teresa Heinz Kerry,,0.936,"{In,2004,"","",Teresa,Heinz,Kerry,"","",the,wife,of,the,Democratic,presidential,nominee,"","",Sen.,John,Kerry,"","",initially,said,she,would,not,release,her,personal,income,tax,returns,"","",also,citing,family,privacy,.}",16,2,3,3,3,"{IS_INVERTED,INV_STARTS_WITH_CAPITAL_[True_True],INV_NGRAM_1_[wife],INV_KW_IND_[married],INV_LENGTHS_[2_3],""INV_NGRAM_2_[wife of]""}","{-1.73068,-1.55347,1.45089,1.1142,1.03189,0.781621}"
LTW_ENG_20080826.0115.LDC2009T13_5_7-LTW_ENG_20080826.0115.LDC2009T13_5_0,LTW_ENG_20080826.0115.LDC2009T13_5,John McCain-Cindy McCain,t,0.96,"{Cindy,McCain,"","",the,wife,of,Sen.,John,McCain,"","",flew,Monday,evening,to,the,Republic,of,Georgia,"","",where,a,military,confrontation,with,Russia,over,disputed,territory,has,become,an,issue,on,the,presidential,campaign,trail,.}",7,2,0,2,2,"{IS_INVERTED,INV_STARTS_WITH_CAPITAL_[True_True],INV_NGRAM_1_[wife],INV_KW_IND_[married],INV_LENGTHS_[2_2],""INV_NGRAM_2_[wife of]""}","{-1.73068,-1.55347,1.45089,1.1142,0.903033,0.781621}"
46984@26_2-46984@26_21,46984@26,Kevin Bacon-Kyra Sedgwick,t,0.92,"{Contenders,:,Kevin,Bacon,:,He,'s,certainly,got,the,versatility,as,an,actor,"","",he,'s,been,married,to,actress,Kyra,Sedgwick,a,good,long,time,"","",and,like,Newman,"","",he,'s,kept,his,youthful,looks,.}",2,2,21,2,2,"{STARTS_WITH_CAPITAL_[True_True],NGRAM_1_[marry],KW_IND_[married],LENGTHS_[2_2],NGRAM_1_[actress],""NGRAM_1_[,]""}","{-2.82352,1.27492,1.03371,0.718423,0.681299,-0.498875}"
AFP_ENG_20080826.0147.LDC2009T13_195_8-AFP_ENG_20080826.0147.LDC2009T13_195_27,AFP_ENG_20080826.0147.LDC2009T13_195,Michelle Obama-Barack Obama,t,0.926,"{Her,visit,to,Georgia,came,a,day,after,Michelle,Obama,"","",the,wife,of,her,husband,'s,democratic,challenger,"","",pledged,to,the,Democratic,National,Convention,that,Barack,Obama,would,be,an,``,extraordinary,president,'',.}",8,2,27,2,2,"{STARTS_WITH_CAPITAL_[True_True],NGRAM_1_[wife],NGRAM_1_[husband],KW_IND_[married],NGRAM_1_[she],""NGRAM_2_[wife of]""}","{-2.82352,1.36327,1.26825,1.03371,0.921399,0.728822}"
NYT_ENG_20071123.0146.LDC2009T13_441_5-NYT_ENG_20071123.0146.LDC2009T13_441_41,NYT_ENG_20071123.0146.LDC2009T13_441,Aitzaz Ahsan-Bushra Ahsan,t,0.914,"{But,by,Friday,night,"","",Aitzaz,Ahsan,"","",the,chairman,of,the,Supreme,Court,Bar,Association,"","",a,flamboyant,member,of,Parliament,and,one,of,Musharraf,'s,most,caustic,adversaries,"","",was,still,in,prison,in,Rawalpindi,"","",his,wife,"","",Bushra,Ahsan,"","",said,.}",5,2,41,2,2,"{STARTS_WITH_CAPITAL_[True_True],NGRAM_1_[wife],KW_IND_[married],LENGTHS_[2_2],""NGRAM_1_[,]"",NGRAM_1_[and]}","{-2.82352,1.36327,1.03371,0.718423,-0.498875,-0.381354}"
APW_ENG_20070702.1247.LDC2009T13_36_10-APW_ENG_20070702.1247.LDC2009T13_36_1,APW_ENG_20070702.1247.LDC2009T13_36,Padma Lakshmi-Salman Rushdie,t,0.934,"{``,Salman,Rushdie,has,agreed,to,divorce,his,wife,"","",Padma,Lakshmi,"","",because,of,her,desire,to,end,their,marriage,"","",'',his,representative,"","",Jin,Auh,"","",said,in,a,statement,.}",10,2,1,2,2,"{IS_INVERTED,INV_STARTS_WITH_CAPITAL_[True_True],INV_NGRAM_1_[wife],INV_NGRAM_1_[divorce],INV_KW_IND_[married],INV_LENGTHS_[2_2]}","{-1.73068,-1.55347,1.45089,1.19991,1.1142,0.903033}"
XIN_ENG_20080315.0217.LDC2009T13_428_5-XIN_ENG_20080315.0217.LDC2009T13_428_0,XIN_ENG_20080315.0217.LDC2009T13_428,Lien Chan-Lien Fang-yu,,0.964,"{Lien,Fang-yu,"","",wife,of,Lien,Chan,"","",only,met,Hu,Jintao,three,times,when,she,accompanied,her,husband,to,the,mainland,"","",but,she,might,have,given,one,of,the,most,accurate,descriptions,of,Hu,'s,personality,.}",5,2,0,2,2,"{IS_INVERTED,INV_STARTS_WITH_CAPITAL_[True_True],INV_NGRAM_1_[wife],INV_KW_IND_[married],""INV_NGRAM_2_[wife of]"",""INV_BETW_D_[prep_of DICT_married appos]""}","{-1.73068,-1.55347,1.45089,1.1142,0.781621,0.762401}"
APW_ENG_20080114.1133.LDC2009T13_17_0-APW_ENG_20080114.1133.LDC2009T13_17_26,APW_ENG_20080114.1133.LDC2009T13_17,Britney Spears-Kevin Federline,t,0.988,"{Britney,Spears,was,nowhere,to,be,seen,Monday,as,a,court,hearing,in,Los,Angeles,convened,in,the,pop,star,'s,child,custody,battle,with,ex-husband,Kevin,Federline,.}",0,2,26,2,2,"{STARTS_WITH_CAPITAL_[True_True],NGRAM_1_[ex-husband],W_LEMMA_L_1_R_1_[.]_[.],LENGTHS_[2_3],NGRAM_1_[custody],W_NER_L_1_R_1_[O]_[O]}","{-2.82352,1.46291,0.908862,0.839476,0.714168,-0.343069}"
18963@36_0-18963@36_7,18963@36,Kitty Dukakis-Michael Dukakis,t,0.99,"{Kitty,Dukakis,"","",wife,of,former,governor,Michael,Dukakis,"","",has,been,outspoken,about,her,long,battle,with,depression,during,and,after,her,husband,'s,political,career,.}",0,2,7,2,2,"{STARTS_WITH_CAPITAL_[True_True],NGRAM_1_[wife],KW_IND_[married],LENGTHS_[2_3],""BETW_D_[appos DICT_married prep_of]"",""NGRAM_2_[wife of]""}","{-2.82352,1.36327,1.03371,0.839476,0.764251,0.728822}"
APW_ENG_20080708.0887.LDC2009T13_489_29-APW_ENG_20080708.0887.LDC2009T13_489_19,APW_ENG_20080708.0887.LDC2009T13_489,Benazir Bhutto-Asif Ali Zardari,t,0.95,"{The,prime,minister,has,little,clout,and,is,seen,as,subordinate,to,the,unelected,leader,of,his,party,"","",Asif,Ali,Zardari,"","",the,widower,of,slain,former,premier,Benazir,Bhutto,.}",29,2,19,3,3,"{IS_INVERTED,INV_STARTS_WITH_CAPITAL_[True_True],INV_NGRAM_1_[widower],INV_LENGTHS_[2_3],""INV_NGRAM_2_[widower of]"",""INV_NGRAM_2_[the widower]""}","{-1.73068,-1.55347,1.43559,1.03189,0.971288,0.537779}"
APW_ENG_20070601.0128.LDC2009T13_229_2-APW_ENG_20070601.0128.LDC2009T13_229_5,APW_ENG_20070601.0128.LDC2009T13_229,Jennifer Lopez-Marc Anthony,t,0.948,"{2004,:,Jennifer,Lopez,married,Marc,Anthony,at,her,home,in,Beverly,Hills,"","",California,.}",2,2,5,2,2,"{STARTS_WITH_CAPITAL_[True_True],NGRAM_1_[marry],KW_IND_[married],LENGTHS_[2_2],NER_SEQ_[O],W_NER_L_1_R_1_[O]_[O]}","{-2.82352,1.27492,1.03371,0.718423,0.428218,-0.343069}"
LTW_ENG_20070814.0129.LDC2009T13_175_4-LTW_ENG_20070814.0129.LDC2009T13_175_13,LTW_ENG_20070814.0129.LDC2009T13_175,Annette de la Renta-Oscar de la Renta,t,0.954,"{The,new,guardians,became,Annette,de,la,Renta,"","",wife,of,fashion,designer,Oscar,de,la,Renta,"","",and,JP,Morgan,Chase,bank,.}",4,4,13,4,4,"{STARTS_WITH_CAPITAL_[True_True],NGRAM_1_[wife],KW_IND_[married],""BETW_D_[appos DICT_married prep_of]"",""NGRAM_2_[wife of]"",""BETW_[appos wife prep_of]""}","{-2.82352,1.36327,1.03371,0.764251,0.728822,0.662793}"
eng-NG-31-141957-9978085_28_15-eng-NG-31-141957-9978085_28_5,eng-NG-31-141957-9978085_28,Al Reynolds-Star Jones,t,0.996,"{No,big,shocker,here,:,Star,Jones,has,filed,for,divorce,from,her,husband,"","",Al,Reynolds,!}",15,2,5,2,2,"{IS_INVERTED,INV_STARTS_WITH_CAPITAL_[True_True],INV_NGRAM_1_[husband],INV_NGRAM_1_[divorce],INV_KW_IND_[married],INV_NGRAM_1_[she]}","{-1.73068,-1.55347,1.2435,1.19991,1.1142,0.904792}"
APW_ENG_20070910.1563.LDC2009T13_143_4-APW_ENG_20070910.1563.LDC2009T13_143_12,APW_ENG_20070910.1563.LDC2009T13_143,Annette de la Renta-Oscar de la Renta,t,0.964,"{Her,court-appointed,guardian,"","",Annette,de,la,Renta,"","",wife,of,designer,Oscar,de,la,Renta,"","",disputes,that,and,wants,a,1997,will,to,be,approved,.}",4,4,12,4,4,"{STARTS_WITH_CAPITAL_[True_True],NGRAM_1_[wife],KW_IND_[married],""BETW_D_[appos DICT_married prep_of]"",""NGRAM_2_[wife of]"",""BETW_[appos wife prep_of]""}","{-2.82352,1.36327,1.03371,0.764251,0.728822,0.662793}"
NYT_ENG_20070115.0031.LDC2009T13_12_0-NYT_ENG_20070115.0031.LDC2009T13_12_8,NYT_ENG_20070115.0031.LDC2009T13_12,Alice Coltrane-John Coltrane,t,0.926,"{Alice,Coltrane,"","",widow,of,the,jazz,saxophonist,John,Coltrane,and,the,pianist,in,his,later,bands,"","",who,extended,her,musical,searches,into,a,vocation,as,a,spiritual,leader,"","",died,on,Friday,in,Los,Angeles,.}",0,2,8,2,2,"{STARTS_WITH_CAPITAL_[True_True],KW_IND_[married],NGRAM_1_[widow],""BETW_D_[appos DICT_married prep_of]"",LENGTHS_[2_2],""NGRAM_2_[widow of]""}","{-2.82352,1.03371,0.786356,0.764251,0.718423,0.550942}"
APW_ENG_20080220.1520.LDC2009T13_95_8-APW_ENG_20080220.1520.LDC2009T13_95_0,APW_ENG_20080220.1520.LDC2009T13_95,John McCain-Cindy McCain,t,0.96,"{Cindy,McCain,"","",wife,of,Republican,presidential,contender,John,McCain,"","",later,sought,to,capitalize,on,the,remark,"","",saying,``,I,have,"","",and,always,will,be,"","",proud,of,my,country,.,''}",8,2,0,2,2,"{IS_INVERTED,INV_STARTS_WITH_CAPITAL_[True_True],INV_NGRAM_1_[wife],INV_KW_IND_[married],INV_LENGTHS_[2_2],""INV_NGRAM_2_[wife of]""}","{-1.73068,-1.55347,1.45089,1.1142,0.903033,0.781621}"
AFP_ENG_20080418.0632.LDC2009T13_9_25-AFP_ENG_20080418.0632.LDC2009T13_9_4,AFP_ENG_20080418.0632.LDC2009T13_9,Kevin Federline-Britney Spears,t,0.912,"{A,judge,Thursday,ordered,Britney,Spears,to,pay,an,extra,""350,000"",dollars,in,lawyer,fees,"","",in,her,costly,legal,battle,with,ex,-,husband,Kevin,Federline,for,custody,of,their,two,children.Judge,Reva,Goetz,',decision,comes,one,month,after,another,judge,"","",Scott,Gordon,"","",ordered,Spears,',conservatorship,run,by,her,father,to,pay,""375,000"",dollars,to,Federline,'s,lawyers,.}",25,2,4,2,2,"{IS_INVERTED,INV_STARTS_WITH_CAPITAL_[True_True],INV_NGRAM_1_[husband],INV_KW_IND_[married],INV_LENGTHS_[3_2],INV_NGRAM_1_[she]}","{-1.73068,-1.55347,1.2435,1.1142,1.02046,0.904792}"
LTW_ENG_20080330.0053.LDC2009T13_11_0-LTW_ENG_20080330.0053.LDC2009T13_11_10,LTW_ENG_20080330.0053.LDC2009T13_11,Elizabeth Edwards-John Edwards,t,0.976,"{Elizabeth,Edwards,"","",the,wife,of,former,Democratic,presidential,contender,John,Edwards,"","",said,she,and,John,McCain,have,one,thing,in,common,:,``,Neither,one,of,us,would,be,covered,by,his,health,policy,"","",'',she,said,.}",0,2,10,2,2,"{STARTS_WITH_CAPITAL_[True_True],NGRAM_1_[wife],KW_IND_[married],LENGTHS_[3_2],""BETW_D_[appos DICT_married prep_of]"",""NGRAM_2_[wife of]""}","{-2.82352,1.36327,1.03371,0.977436,0.764251,0.728822}"
NYT_ENG_20070712.0210.LDC2009T13_169_0-NYT_ENG_20070712.0210.LDC2009T13_169_21,NYT_ENG_20070712.0210.LDC2009T13_169,Vivien Merchant-Dempster,,0.946,"{Vivien,Merchant,"","",wife,of,the,playwright,Harold,Pinter,"","",read,about,her,husband,'s,affair,with,Lady,Antonia,Fraser,in,Dempster,'s,column,.}",0,2,21,1,1,"{STARTS_WITH_CAPITAL_[True_True],NGRAM_1_[wife],NGRAM_1_[husband],KW_IND_[married],NGRAM_1_[she],""NGRAM_2_[wife of]""}","{-2.82352,1.36327,1.26825,1.03371,0.921399,0.728822}"
133918@25_27-133918@25_20,133918@25,John McCain-Cindy McCain,t,0.968,"{Sen.,Joseph,R.,Biden,Jr.,"","",the,Democratic,nominee,for,vice,president,"","",visited,Saakashvili,last,month,"","",as,did,Cindy,McCain,"","",the,wife,of,Sen.,John,McCain,"","",the,presumptive,Republican,nominee,.}",27,2,20,2,2,"{IS_INVERTED,INV_STARTS_WITH_CAPITAL_[True_True],INV_NGRAM_1_[wife],INV_KW_IND_[married],INV_LENGTHS_[2_2],""INV_NGRAM_2_[wife of]""}","{-1.73068,-1.55347,1.45089,1.1142,0.903033,0.781621}"
AFP_ENG_20080806.0130.LDC2009T13_240_15-AFP_ENG_20080806.0130.LDC2009T13_240_6,AFP_ENG_20080806.0130.LDC2009T13_240,Benazir Bhutto-Asif Ali Zardari,t,0.972,"{The,announcement,came,as,coalition,leaders,Asif,Ali,Zardari,"","",widower,of,slain,former,premier,Benazir,Bhutto,"","",and,ex-prime,minister,Nawaz,Sharif,"","",met,for,the,second,successive,day,at,Zardari,'s,house,in,Islamabad,on,Wednesday,.}",15,2,6,3,3,"{IS_INVERTED,INV_STARTS_WITH_CAPITAL_[True_True],INV_NGRAM_1_[widower],INV_LENGTHS_[2_3],""INV_NGRAM_2_[widower of]"",""INV_BETW_L_[prep_of appos]""}","{-1.73068,-1.55347,1.43559,1.03189,0.971288,0.580557}"
APW_ENG_20080402.0512.LDC2009T13_92_29-APW_ENG_20080402.0512.LDC2009T13_92_19,APW_ENG_20080402.0512.LDC2009T13_92,Benazir Bhutto-Asif Ali Zardari,t,0.994,"{Among,those,attending,were,Nawaz,Sharif,"","",who,was,ousted,as,premier,in,Musharraf,'s,1999,coup,"","",and,Asif,Ali,Zardari,"","",the,widower,of,slain,former,premier,Benazir,Bhutto,.}",29,2,19,3,3,"{IS_INVERTED,INV_STARTS_WITH_CAPITAL_[True_True],INV_NGRAM_1_[widower],INV_LENGTHS_[2_3],""INV_NGRAM_2_[widower of]"",""INV_BETW_L_[prep_of appos]""}","{-1.73068,-1.55347,1.43559,1.03189,0.971288,0.580557}"
45710@6_8-45710@6_3,45710@6,Sami Al-Arian-Nahla Al-Arian,,0.978,"{-LRB-,Tampa,-RRB-,Nahla,Al-Arian,"","",wife,of,Sami,Al-Arian,"","",is,moving,to,Egypt,with,her,two,youngest,children,.}",8,2,3,2,2,"{IS_INVERTED,INV_STARTS_WITH_CAPITAL_[True_True],INV_NGRAM_1_[wife],INV_KW_IND_[married],INV_LENGTHS_[2_2],""INV_NGRAM_2_[wife of]""}","{-1.73068,-1.55347,1.45089,1.1142,0.903033,0.781621}"
NYT_ENG_20081106.0201.LDC2009T13_745_42-NYT_ENG_20081106.0201.LDC2009T13_745_35,NYT_ENG_20081106.0201.LDC2009T13_745,John Edwards-Elizabeth Edwards,t,0.968,"{The,center,was,also,home,to,other,prominent,Democrats,looking,for,a,perch,during,the,Republican,hegemony,"","",including,Tom,Daschle,"","",the,former,majority,leader,who,lost,his,Senate,seat,in,2004,"","",and,Elizabeth,Edwards,"","",wife,of,former,Sen.,John,Edwards,.}",42,2,35,2,2,"{IS_INVERTED,INV_STARTS_WITH_CAPITAL_[True_True],INV_NGRAM_1_[wife],INV_KW_IND_[married],INV_LENGTHS_[2_3],""INV_NGRAM_2_[wife of]""}","{-1.73068,-1.55347,1.45089,1.1142,1.03189,0.781621}"
AFP_ENG_20080118.0566.LDC2009T13_564_0-AFP_ENG_20080118.0566.LDC2009T13_564_10,AFP_ENG_20080118.0566.LDC2009T13_564,Graca Machel-Nelson Mandela,,0.958,"{Graca,Machel,"","",the,wife,of,South,African,former,president,Nelson,Mandela,"","",and,former,Tanzanian,president,Benjamin,Mkapa,arrived,Thursday,in,Nairobi,a,bid,to,revive,a,moribund,international,mediation,effort,.}",0,2,10,2,2,"{STARTS_WITH_CAPITAL_[True_True],NGRAM_1_[wife],KW_IND_[married],""BETW_D_[appos DICT_married prep_of]"",""NGRAM_2_[wife of]"",LENGTHS_[2_2]}","{-2.82352,1.36327,1.03371,0.764251,0.728822,0.718423}"
LTW_ENG_20080826.0115.LDC2009T13_5_0-LTW_ENG_20080826.0115.LDC2009T13_5_7,LTW_ENG_20080826.0115.LDC2009T13_5,Cindy McCain-John McCain,t,0.966,"{Cindy,McCain,"","",the,wife,of,Sen.,John,McCain,"","",flew,Monday,evening,to,the,Republic,of,Georgia,"","",where,a,military,confrontation,with,Russia,over,disputed,territory,has,become,an,issue,on,the,presidential,campaign,trail,.}",0,2,7,2,2,"{STARTS_WITH_CAPITAL_[True_True],NGRAM_1_[wife],KW_IND_[married],""BETW_D_[appos DICT_married prep_of]"",""NGRAM_2_[wife of]"",LENGTHS_[2_2]}","{-2.82352,1.36327,1.03371,0.764251,0.728822,0.718423}"
NYT_ENG_20080101.0189.LDC2009T13_56_9-NYT_ENG_20080101.0189.LDC2009T13_56_0,NYT_ENG_20080101.0189.LDC2009T13_56,Mitt Romney-Ann Romney,t,0.908,"{Ann,Romney,"","",the,wife,of,his,opponent,"","",Mitt,Romney,"","",has,been,an,almost,constant,presence,at,her,husband,'s,side,in,the,stretch,run,to,Thursday,night,'s,Iowa,caucuses,.}",9,2,0,2,2,"{IS_INVERTED,INV_STARTS_WITH_CAPITAL_[True_True],INV_NGRAM_1_[wife],INV_KW_IND_[married],INV_LENGTHS_[2_2],""INV_NGRAM_2_[wife of]""}","{-1.73068,-1.55347,1.45089,1.1142,0.903033,0.781621}"
AFP_ENG_20071124.0350.LDC2009T13_206_20-AFP_ENG_20071124.0350.LDC2009T13_206_10,AFP_ENG_20071124.0350.LDC2009T13_206,Anwar Ibrahim-Wan Azizah Wan Ismail,t,0.984,"{The,National,Justice,Party,-LRB-,Keadilan,-RRB-,"","",led,by,Wan,Azizah,Wan,Ismail,"","",wife,of,jailed,ex-deputy,premier,Anwar,Ibrahim,"","",said,the,police,action,unnecessarily,raised,the,level,of,tension,"","",and,urged,them,not,to,stop,the,rally,.}",20,2,10,4,4,"{IS_INVERTED,INV_STARTS_WITH_CAPITAL_[True_True],INV_NGRAM_1_[wife],INV_LENGTHS_[2_4],INV_KW_IND_[married],""INV_NGRAM_2_[wife of]""}","{-1.73068,-1.55347,1.45089,1.11893,1.1142,0.781621}"
NYT_ENG_20080116.0023.LDC2009T13_623_0-NYT_ENG_20080116.0023.LDC2009T13_623_6,NYT_ENG_20080116.0023.LDC2009T13_623,Alma Powell-Colin Powell,t,0.982,"{Alma,Powell,"","",the,wife,of,Colin,Powell,"","",spoke,bluntly,about,her,fears,in,1995,when,Powell,was,weighing,a,run,for,the,Republican,presidential,nomination,.}",0,2,6,2,2,"{STARTS_WITH_CAPITAL_[True_True],NGRAM_1_[wife],KW_IND_[married],""BETW_D_[appos DICT_married prep_of]"",""NGRAM_2_[wife of]"",LENGTHS_[2_2]}","{-2.82352,1.36327,1.03371,0.764251,0.728822,0.718423}"
eng-WL-11-174595-12971988_9_6-eng-WL-11-174595-12971988_9_15,eng-WL-11-174595-12971988_9,Justin Timberlake-Jessica Biel,t,0.926,"{While,there,is,only,speculation,that,Justin,Timberlake,may,be,ready,to,get,married,to,Jessica,Biel,"","",there,is,no,question,that,Star,Trek,star,George,Takei,is,absolutely,planning,to,be,wed,as,soon,as,he,can,.}",6,2,15,2,2,"{STARTS_WITH_CAPITAL_[True_True],NGRAM_1_[marry],KW_IND_[married],LENGTHS_[3_2],""NGRAM_2_[marry to]"",""NER_SEQ_[O O O O O O O]""}","{-2.82352,1.27492,1.03371,0.977436,0.437279,0.407787}"
APW_ENG_20070309.0503.LDC2009T13_16_1-APW_ENG_20070309.0503.LDC2009T13_16_7,APW_ENG_20070309.0503.LDC2009T13_16,Elizabeth Hurley-Arun Nayar,t,0.958,"{Actress,Elizabeth,Hurley,and,her,new,husband,Arun,Nayar,were,set,to,continue,their,nuptials,Friday,with,a,traditional,Hindu,wedding,ceremony,followed,by,a,royal,procession,of,elephants,"","",camels,and,horses,through,the,grounds,of,a,palace,"","",officials,said,.}",1,2,7,2,2,"{STARTS_WITH_CAPITAL_[True_True],NGRAM_1_[husband],KW_IND_[married],LENGTHS_[3_2],NGRAM_1_[she],W_NER_L_1_R_1_[TITLE]_[O]}","{-2.82352,1.26825,1.03371,0.977436,0.921399,-0.583471}"
eng-WL-11-174595-12967903_959_0-eng-WL-11-174595-12967903_959_40,eng-WL-11-174595-12967903_959,Jennifer Lopez-Laura Paulsini,,0.972,"{Jennifer,Lopez,returned,to,the,stage,this,week,...,here,are,pictures,of,J.,Lo,and,her,mostly-dead,husband,Marc,Anthony,performing,on,stage,for,the,20-city,Juntos,en,Concierto,tour,with,fellow,Latin,pop,artists,Marco,Antonio,Solis,and,Laura,Paulsini,at,Madison,Square,Garden,in,NYC,last,night,:}",0,2,40,2,2,"{STARTS_WITH_CAPITAL_[True_True],NGRAM_1_[husband],KW_IND_[married],NGRAM_1_[she],LENGTHS_[2_2],""BETW_D_[dep : dep]""}","{-2.82352,1.26825,1.03371,0.921399,0.718423,0.55117}"
97494@14_10-97494@14_16,97494@14,Trudi Inslee-Jay Inslee,t,0.94,"{``,This,is,not,an,abortion,pill,"","",'',emphasized,Trudi,Inslee,"","",wife,of,Rep.,Jay,Inslee,"","",D-Wash.,"","",and,a,board,member,of,the,NARAL,Pro-,Choice,Washington,Foundation,.}",10,2,16,2,2,"{STARTS_WITH_CAPITAL_[True_True],NGRAM_1_[wife],KW_IND_[married],""BETW_D_[appos DICT_married prep_of]"",""NGRAM_2_[wife of]"",LENGTHS_[2_2]}","{-2.82352,1.36327,1.03371,0.764251,0.728822,0.718423}"
121289@30_0-121289@30_9,121289@30,Lisa Fonssagrives-Irving Penn,t,0.992,"{Lisa,Fonssagrives,"","",the,late,wife,of,the,photographer,Irving,Penn,"","",was,a,reference,"","",and,in,the,outline,of,some,of,the,black,jackets,or,a,slim,pastel,evening,dress,draped,with,billowing,yards,of,silk,"","",you,could,detect,her,influence,.}",0,2,9,2,2,"{STARTS_WITH_CAPITAL_[True_True],NGRAM_1_[wife],KW_IND_[married],LENGTHS_[3_2],""BETW_D_[appos DICT_married prep_of]"",""NGRAM_2_[wife of]""}","{-2.82352,1.36327,1.03371,0.977436,0.764251,0.728822}"
AFP_ENG_20080301.0128.LDC2009T13_87_27-AFP_ENG_20080301.0128.LDC2009T13_87_17,AFP_ENG_20080301.0128.LDC2009T13_87,Paul McCartney-Heather Mills,t,0.968,"{But,a,minority,of,the,traveling,support,was,not,so,sympathetic,"","",comparing,the,player,to,amputee,Heather,Mills,"","",the,estranged,wife,of,pop,legend,Sir,Paul,McCartney,.}",27,2,17,2,2,"{IS_INVERTED,INV_STARTS_WITH_CAPITAL_[True_True],INV_NGRAM_1_[wife],INV_KW_IND_[married],INV_LENGTHS_[2_2],""INV_NGRAM_2_[wife of]""}","{-1.73068,-1.55347,1.45089,1.1142,0.903033,0.781621}"
NYT_ENG_20070404.0202.LDC2009T13_1061_26-NYT_ENG_20070404.0202.LDC2009T13_1061_32,NYT_ENG_20070404.0202.LDC2009T13_1061,Elizabeth Edwards-John Edwards,t,0.916,"{``,No,one,'s,going,to,say,that,I,have,to,give,up,and,take,it,easy,"","",'',Swenson,said,"","",finding,common,cause,with,Elizabeth,Edwards,and,her,husband,"","",John,Edwards,"","",who,decided,to,move,forward,with,his,presidential,bid,despite,his,wife,'s,cancer,.}",26,2,32,2,2,"{STARTS_WITH_CAPITAL_[True_True],NGRAM_1_[husband],KW_IND_[married],LENGTHS_[3_2],NGRAM_1_[she],""NER_SEQ_[O O O O]""}","{-2.82352,1.26825,1.03371,0.977436,0.921399,0.510383}"
APW_ENG_20010705.0674.LDC2007T07_9_9-APW_ENG_20010705.0674.LDC2007T07_9_0,APW_ENG_20010705.0674.LDC2007T07_9,Helmut Kohl-Hannelore Kohl,t,0.96,"{Hannelore,Kohl,"","",the,wife,of,former,German,Chancellor,Helmut,Kohl,"","",committed,suicide,and,left,letters,saying,she,wanted,to,end,her,suffering,from,a,long,illness,"","",her,husband,'s,office,said,Thursday,.}",9,2,0,2,2,"{IS_INVERTED,INV_STARTS_WITH_CAPITAL_[True_True],INV_NGRAM_1_[wife],INV_KW_IND_[married],INV_LENGTHS_[2_2],""INV_NGRAM_2_[wife of]""}","{-1.73068,-1.55347,1.45089,1.1142,0.903033,0.781621}"
APW_ENG_20070719.1473.LDC2009T13_42_0-APW_ENG_20070719.1473.LDC2009T13_42_7,APW_ENG_20070719.1473.LDC2009T13_42,Plame-Joseph Wilson,,0.974,"{Plame,"","",the,wife,of,former,Ambassador,Joseph,Wilson,"","",had,accused,Vice,President,Dick,Cheney,and,others,of,conspiring,to,leak,her,identity,in,2003,.}",0,1,7,2,2,"{STARTS_WITH_CAPITAL_[True_True],NGRAM_1_[wife],KW_IND_[married],""BETW_D_[appos DICT_married prep_of]"",""NGRAM_2_[wife of]"",""BETW_[appos wife prep_of]""}","{-2.82352,1.36327,1.03371,0.764251,0.728822,0.662793}"
eng-WL-11-174643-13000463_12_7-eng-WL-11-174643-13000463_12_11,eng-WL-11-174643-13000463_12,Winehouse-Blake Fielder-Civil,,0.938,"{Amy,Winehouse,On,18,May,2007,"","",Winehouse,married,on-off,boyfriend,Blake,Fielder-Civil,in,Miami,"","",Florida,.}",7,1,11,2,2,"{STARTS_WITH_CAPITAL_[True_True],NGRAM_1_[marry],KW_IND_[married],NGRAM_1_[boyfriend],""NER_SEQ_[O O O]"",W_NER_L_1_R_1_[O]_[O]}","{-2.82352,1.27492,1.03371,1.01811,0.468502,-0.343069}"
NYT_ENG_20070327.0162.LDC2009T13_316_22-NYT_ENG_20070327.0162.LDC2009T13_316_13,NYT_ENG_20070327.0162.LDC2009T13_316,John Edwards-Elizabeth Edwards,t,0.972,"{Tuesday,'s,news,about,Snow,came,just,five,days,after,the,disclosure,by,Elizabeth,Edwards,"","",wife,of,the,Democratic,presidential,hopeful,John,Edwards,"","",that,her,breast,cancer,had,spread,and,is,incurable,"","",though,treatable,.}",22,2,13,2,2,"{IS_INVERTED,INV_STARTS_WITH_CAPITAL_[True_True],INV_NGRAM_1_[wife],INV_KW_IND_[married],INV_LENGTHS_[2_3],""INV_NGRAM_2_[wife of]""}","{-1.73068,-1.55347,1.45089,1.1142,1.03189,0.781621}"
APW_ENG_20071119.1046.LDC2009T13_455_0-APW_ENG_20071119.1046.LDC2009T13_455_43,APW_ENG_20071119.1046.LDC2009T13_455,Stern-J. Howard Marshall,,0.918,"{Stern,is,the,executor,of,Anna,Nicole,Smith,'s,estate,and,has,filed,papers,to,make,Dannielynn,the,sole,beneficiary,of,the,estate,"","",which,has,made,a,legal,claim,for,millions,from,the,oil,fortune,of,the,model,'s,late,husband,"","",J.,Howard,Marshall,II,.}",0,1,43,3,3,"{STARTS_WITH_CAPITAL_[True_True],NGRAM_1_[husband],KW_IND_[married],NGRAM_1_[file],""NGRAM_1_[,]"",NGRAM_1_[model]}","{-2.82352,1.26825,1.03371,0.597588,-0.498875,0.472501}"
NYT_ENG_20070913.0138.LDC2009T13_301_4-NYT_ENG_20070913.0138.LDC2009T13_301_9,NYT_ENG_20070913.0138.LDC2009T13_301,Linda Bollea-Hulk Hogan,t,0.974,"{-LRB-,Belleair,-RRB-,--,Linda,Bollea,"","",wife,of,Hulk,Hogan,"","",talks,about,her,17-year-old,son,Nick,"","",whose,driving,accident,critically,injured,a,friend,.}",4,2,9,2,2,"{STARTS_WITH_CAPITAL_[True_True],NGRAM_1_[wife],KW_IND_[married],""BETW_D_[appos DICT_married prep_of]"",""NGRAM_2_[wife of]"",LENGTHS_[2_2]}","{-2.82352,1.36327,1.03371,0.764251,0.728822,0.718423}"
132319@2_10-132319@2_22,132319@2,Asif Ali Zardari-Benazir Bhutto,t,0.97,"{Now,the,deepening,rivalry,between,the,two,party,leaders,--,Asif,Ali,Zardari,"","",the,widower,of,the,slain,former,prime,minister,Benazir,Bhutto,"","",and,Nawaz,Sharif,"","",a,former,prime,minister,himself,--,will,play,out,in,the,coming,elections,for,president,.}",10,3,22,2,2,"{STARTS_WITH_CAPITAL_[True_True],NGRAM_1_[widower],LENGTHS_[3_2],""NGRAM_2_[widower of]"",""NGRAM_1_[,]"",""NGRAM_2_[the widower]""}","{-2.82352,1.37889,0.977436,0.929836,-0.498875,0.488794}"
APW_ENG_20070224.0925.LDC2009T13_16_15-APW_ENG_20070224.0925.LDC2009T13_16_5,APW_ENG_20070224.0925.LDC2009T13_16,Kathy Travis-Suze Orman,t,0.91,"{Financial,guru,and,best-selling,author,Suze,Orman,says,she,wishes,she,could,marry,her,partner,Kathy,Travis,"","",partly,because,it,would,save,them,both,a,lot,of,money,.}",15,2,5,2,2,"{IS_INVERTED,INV_STARTS_WITH_CAPITAL_[True_True],INV_NGRAM_1_[marry],INV_KW_IND_[married],INV_NGRAM_1_[partner],INV_NGRAM_1_[she]}","{-1.73068,-1.55347,1.21759,1.1142,1.0978,0.904792}"
AFP_ENG_20080828.0452.LDC2009T13_118_18-AFP_ENG_20080828.0452.LDC2009T13_118_9,AFP_ENG_20080828.0452.LDC2009T13_118,Benazir Bhutto-Asif Ali Zardari,t,0.95,"{A,group,of,angry,lawyers,tore,down,posters,of,Asif,Ali,Zardari,"","",the,widower,of,slain,ex-premier,Benazir,Bhutto,and,a,leading,presidential,candidate,to,succeed,Musharraf,in,a,September,6,election,.}",18,2,9,3,3,"{IS_INVERTED,INV_STARTS_WITH_CAPITAL_[True_True],INV_NGRAM_1_[widower],INV_LENGTHS_[2_3],""INV_NGRAM_2_[widower of]"",""INV_NGRAM_2_[the widower]""}","{-1.73068,-1.55347,1.43559,1.03189,0.971288,0.537779}"
19451@22_12-19451@22_4,19451@22,Jeanne Shaheen-Bill Shaheen,t,0.922,"{And,an,endorsement,by,Bill,Shaheen,"","",husband,of,popular,former,governor,Jeanne,Shaheen,"","",and,a,valuable,veteran,of,many,winning,New,Hampshire,campaigns,"","",appears,likely,.}",12,2,4,2,2,"{IS_INVERTED,INV_STARTS_WITH_CAPITAL_[True_True],INV_NGRAM_1_[husband],INV_KW_IND_[married],INV_LENGTHS_[2_2],""INV_BETW_D_[prep_of DICT_married appos]""}","{-1.73068,-1.55347,1.2435,1.1142,0.903033,0.762401}"
95331@90_10-95331@90_0,95331@90,Robert P. Koch-C. Dorothy Bush,,0.91,"{C.,Dorothy,Bush,wed,her,second,husband,"","",Democratic,lobbyist,Robert,P.,Koch,"","",in,a,private,ceremony,at,Camp,David,on,June,26,"","",1992,--,the,only,couple,to,be,married,at,the,presidential,retreat,.}",10,3,0,3,3,"{IS_INVERTED,INV_STARTS_WITH_CAPITAL_[True_True],INV_NGRAM_1_[husband],INV_KW_IND_[married],INV_LENGTHS_[2_3],INV_NGRAM_1_[she]}","{-1.73068,-1.55347,1.2435,1.1142,1.03189,0.904792}"
AFP_ENG_20080301.0128.LDC2009T13_87_17-AFP_ENG_20080301.0128.LDC2009T13_87_27,AFP_ENG_20080301.0128.LDC2009T13_87,Heather Mills-Paul McCartney,t,0.978,"{But,a,minority,of,the,traveling,support,was,not,so,sympathetic,"","",comparing,the,player,to,amputee,Heather,Mills,"","",the,estranged,wife,of,pop,legend,Sir,Paul,McCartney,.}",17,2,27,2,2,"{STARTS_WITH_CAPITAL_[True_True],NGRAM_1_[wife],KW_IND_[married],""BETW_D_[appos DICT_married prep_of]"",""NGRAM_2_[wife of]"",LENGTHS_[2_2]}","{-2.82352,1.36327,1.03371,0.764251,0.728822,0.718423}"
APW_ENG_20071211.0496.LDC2009T13_40_7-APW_ENG_20071211.0496.LDC2009T13_40_0,APW_ENG_20071211.0496.LDC2009T13_40,Eliot Spitzer-Silda Wall Spitzer,t,0.976,"{Silda,Wall,Spitzer,"","",wife,of,Gov.,Eliot,Spitzer,"","",joined,hundreds,of,public,school,children,on,Monday,to,unveil,a,mass,of,US$,1,million,-LRB-,euro680,"",000"",-RRB-,in,pennies,collected,for,charity,.}",7,2,0,3,3,"{IS_INVERTED,INV_STARTS_WITH_CAPITAL_[True_True],INV_NGRAM_1_[wife],INV_KW_IND_[married],INV_LENGTHS_[2_3],""INV_NGRAM_2_[wife of]""}","{-1.73068,-1.55347,1.45089,1.1142,1.03189,0.781621}"
AFP_ENG_20081207.0398.LDC2009T13_573_15-AFP_ENG_20081207.0398.LDC2009T13_573_5,AFP_ENG_20081207.0398.LDC2009T13_573,Benazir Bhutto-Asif Ali Zardari,t,0.948,"{-,The,Pakistani,parliament,elects,Asif,Ali,Zardari,"","",the,widower,of,the,slain,politician,Benazir,Bhutto,"","",as,the,country,'s,new,president,.}",15,2,5,3,3,"{IS_INVERTED,INV_STARTS_WITH_CAPITAL_[True_True],INV_NGRAM_1_[widower],INV_LENGTHS_[2_3],""INV_NGRAM_2_[widower of]"",""INV_NGRAM_2_[the widower]""}","{-1.73068,-1.55347,1.43559,1.03189,0.971288,0.537779}"
NYT_ENG_20080721.0227.LDC2009T13_202_42-NYT_ENG_20080721.0227.LDC2009T13_202_34,NYT_ENG_20080721.0227.LDC2009T13_202,John Kerry-Teresa Heinz Kerry,,0.974,"{To,deal,with,this,"","",Michelle,Obama,has,a,new,chief,of,staff,and,a,widening,complement,of,aides,--,a,broader,support,network,than,Clinton,enjoyed,during,her,husband,'s,campaigns,"","",or,Teresa,Heinz,Kerry,"","",the,wife,of,Sen.,John,Kerry,"","",in,2004,.}",42,2,34,3,3,"{IS_INVERTED,INV_STARTS_WITH_CAPITAL_[True_True],INV_NGRAM_1_[wife],INV_KW_IND_[married],INV_LENGTHS_[2_3],""INV_NGRAM_2_[wife of]""}","{-1.73068,-1.55347,1.45089,1.1142,1.03189,0.781621}"
eng-WL-11-174592-12942246_11_18-eng-WL-11-174592-12942246_11_27,eng-WL-11-174592-12942246_11,Katie Holmes-Tom Cruise,t,0.912,"{British,tabloid,The,Sun,has,revealed,in,the,``,Bizarre,'',section,of,their,website,that,Hollywood,actress,Katie,Holmes,who,gave,birth,to,her,and,husband,Tom,Cruise,'s,child,Suri,in,April,of,last,year,is,pregnant,again,.}",18,2,27,2,2,"{STARTS_WITH_CAPITAL_[True_True],NGRAM_1_[husband],KW_IND_[married],NGRAM_1_[she],LENGTHS_[2_2],W_NER_L_1_R_1_[TITLE]_[O]}","{-2.82352,1.26825,1.03371,0.921399,0.718423,-0.583471}"
eng-WL-11-174611-12973545_17_2-eng-WL-11-174611-12973545_17_9,eng-WL-11-174611-12973545_17,Linda McMahon-Vince McMahon,t,0.976,"{WWE,CEO,Linda,McMahon,"","",wife,of,pro-wrestling,mogul,Vince,McMahon,"","",has,announced,her,candidacy,to,unseat,Sen.,Chris,Dodd,in,Connecticut,.}",2,2,9,2,2,"{STARTS_WITH_CAPITAL_[True_True],NGRAM_1_[wife],KW_IND_[married],""BETW_D_[appos DICT_married prep_of]"",""NGRAM_2_[wife of]"",LENGTHS_[2_2]}","{-2.82352,1.36327,1.03371,0.764251,0.728822,0.718423}"
AFP_ENG_20070713.0200.LDC2009T13_564_16-AFP_ENG_20070713.0200.LDC2009T13_564_20,AFP_ENG_20070713.0200.LDC2009T13_564,Tom Cruise-Katie Holmes,t,0.912,"{The,couple,are,used,to,mixing,in,the,A-list,stratosphere,and,are,close,friends,with,actor,Tom,Cruise,and,wife,Katie,Holmes,"","",who,live,close,to,the,22,million,dollar,Bel,Air,mansion,that,the,Beckhams,will,be,calling,home,.}",16,2,20,2,2,"{STARTS_WITH_CAPITAL_[True_True],NGRAM_1_[wife],KW_IND_[married],""POS_SEQ_[CC NN]"",LENGTHS_[2_2],""NER_SEQ_[O O]""}","{-2.82352,1.36327,1.03371,0.891615,0.718423,0.585631}"
106205@43_3-106205@43_5,106205@43,Aspinall-Suzy Ornstein,,0.904,"{In,1968,"","",Aspinall,married,Suzy,Ornstein,"","",whose,father,"","",George,``,Bud,'',Ornstein,"","",was,head,of,European,production,for,United,Artists,"","",the,company,for,which,the,Beatles,made,the,films,``,A,Hard,Day,'s,Night,"","",'',``,Help,!,''}",3,1,5,2,2,"{STARTS_WITH_CAPITAL_[True_True],NGRAM_1_[marry],KW_IND_[married],NER_SEQ_[O],W_NER_L_1_R_1_[O]_[O],KW_D_[nsubj]_[dobj]}","{-2.82352,1.27492,1.03371,0.428218,-0.343069,0.339688}"
NYT_ENG_20080902.0134.LDC2009T13_624_27-NYT_ENG_20080902.0134.LDC2009T13_624_20,NYT_ENG_20080902.0134.LDC2009T13_624,John McCain-Cindy McCain,t,0.968,"{Sen.,Joseph,R.,Biden,Jr.,"","",the,Democratic,nominee,for,vice,president,"","",visited,Saakashvili,last,month,"","",as,did,Cindy,McCain,"","",the,wife,of,Sen.,John,McCain,"","",the,presumptive,Republican,nominee,.}",27,2,20,2,2,"{IS_INVERTED,INV_STARTS_WITH_CAPITAL_[True_True],INV_NGRAM_1_[wife],INV_KW_IND_[married],INV_LENGTHS_[2_2],""INV_NGRAM_2_[wife of]""}","{-1.73068,-1.55347,1.45089,1.1142,0.903033,0.781621}"
APW_ENG_20070109.0784.LDC2009T13_155_0-APW_ENG_20070109.0784.LDC2009T13_155_5,APW_ENG_20070109.0784.LDC2009T13_155,Madonna-Guy Ritchie,t,0.91,"{Madonna,and,her,filmmaker,husband,Guy,Ritchie,are,adopting,a,1,-,year-old,Malawian,boy,"","",David,Banda,"","",and,he,joined,her,two,children,"","",Lourdes,and,Rocco,"","",in,Britain,in,October,.}",0,1,5,2,2,"{STARTS_WITH_CAPITAL_[True_True],NGRAM_1_[husband],KW_IND_[married],NGRAM_1_[she],""NER_SEQ_[O O O O]"",NGRAM_1_[and]}","{-2.82352,1.26825,1.03371,0.921399,0.510383,-0.381354}"
103534@7_15-103534@7_4,103534@7,Eliot Spitzer-Silda Wall Spitzer,t,0.932,"{This,time,it,'s,Silda,Wall,Spitzer,"","",wife,of,New,York,'s,Democratic,Gov.,Eliot,Spitzer,"","",on,Monday,afternoon,"","",wearing,pearls,and,looking,down,.}",15,2,4,3,3,"{IS_INVERTED,INV_STARTS_WITH_CAPITAL_[True_True],INV_NGRAM_1_[wife],INV_KW_IND_[married],INV_LENGTHS_[2_3],""INV_NGRAM_2_[wife of]""}","{-1.73068,-1.55347,1.45089,1.1142,1.03189,0.781621}"
AFP_ENG_20080106.0233.LDC2009T13_7_16-AFP_ENG_20080106.0233.LDC2009T13_7_2,AFP_ENG_20080106.0233.LDC2009T13_7,Carla Bruni-Nicolas Sarkozy,t,0.994,"{French,President,Nicolas,Sarkozy,is,to,marry,his,new,girlfriend,"","",the,former,model,turned,singer,Carla,Bruni,"","",a,French,newspaper,reported,Sunday,"","",claiming,a,wedding,was,``,imminent,'',.}",16,2,2,2,2,"{IS_INVERTED,INV_STARTS_WITH_CAPITAL_[True_True],INV_NGRAM_1_[girlfriend],INV_NGRAM_1_[marry],INV_KW_IND_[married],INV_LENGTHS_[2_3]}","{-1.73068,-1.55347,1.5276,1.21759,1.1142,1.03189}"
NYT_ENG_20070825.0087.LDC2009T13_174_0-NYT_ENG_20070825.0087.LDC2009T13_174_7,NYT_ENG_20070825.0087.LDC2009T13_174,Michelle Obama-Barack Obama,t,0.924,"{Michelle,Obama,"","",the,wife,of,Sen.,Barack,Obama,"","",D-Ill.,"","",discovered,this,last,week,"","",if,not,before,"","",when,news,reports,truncated,a,comment,she,made,about,keeping,one,'s,house,in,order,.}",0,2,7,2,2,"{STARTS_WITH_CAPITAL_[True_True],NGRAM_1_[wife],KW_IND_[married],""BETW_D_[appos DICT_married prep_of]"",""NGRAM_2_[wife of]"",LENGTHS_[2_2]}","{-2.82352,1.36327,1.03371,0.764251,0.728822,0.718423}"
XIN_ENG_20080315.0217.LDC2009T13_428_0-XIN_ENG_20080315.0217.LDC2009T13_428_5,XIN_ENG_20080315.0217.LDC2009T13_428,Lien Fang-yu-Lien Chan,,0.968,"{Lien,Fang-yu,"","",wife,of,Lien,Chan,"","",only,met,Hu,Jintao,three,times,when,she,accompanied,her,husband,to,the,mainland,"","",but,she,might,have,given,one,of,the,most,accurate,descriptions,of,Hu,'s,personality,.}",0,2,5,2,2,"{STARTS_WITH_CAPITAL_[True_True],NGRAM_1_[wife],KW_IND_[married],""BETW_D_[appos DICT_married prep_of]"",""NGRAM_2_[wife of]"",""BETW_[appos wife prep_of]""}","{-2.82352,1.36327,1.03371,0.764251,0.728822,0.662793}"
AFP_ENG_20070303.0108.LDC2009T13_9_10-AFP_ENG_20070303.0108.LDC2009T13_9_4,AFP_ENG_20070303.0108.LDC2009T13_9,Arun Nayar-Elizabeth Hurley,t,0.954,"{British,model,and,actress,Elizabeth,Hurley,married,the,Indian,businessman,Arun,Nayar,in,a,private,ceremony,one,day,ahead,of,a,star-studded,event,to,be,held,in,a,country,castle,on,Saturday,.}",10,2,4,2,2,"{IS_INVERTED,INV_STARTS_WITH_CAPITAL_[True_True],INV_NGRAM_1_[marry],INV_KW_IND_[married],INV_LENGTHS_[2_3],INV_W_NER_L_1_R_1_[TITLE]_[O]}","{-1.73068,-1.55347,1.21759,1.1142,1.03189,-0.387673}"
eng-WL-11-174598-12965426_1070_3-eng-WL-11-174598-12965426_1070_16,eng-WL-11-174598-12965426_1070,Gena Lee Nolin-Cale Hulse,t,0.932,"{Former,Baywatch,star,Gena,Lee,Nolin,has,given,birth,to,her,second,child,with,her,husband,Cale,Hulse,.}",3,3,16,2,2,"{STARTS_WITH_CAPITAL_[True_True],NGRAM_1_[husband],KW_IND_[married],NGRAM_1_[she],LENGTHS_[2_2],W_NER_L_1_R_1_[O]_[O]}","{-2.82352,1.26825,1.03371,0.921399,0.718423,-0.343069}"
APW_ENG_20070802.1108.LDC2009T13_18_6-APW_ENG_20070802.1108.LDC2009T13_18_0,APW_ENG_20070802.1108.LDC2009T13_18,Caroline Fentress-Chris O'Donnell,t,0.934,"{Chris,O'Donnell,and,his,wife,"","",Caroline,Fentress,"","",are,expecting,their,fifth,child,.}",6,2,0,2,2,"{IS_INVERTED,INV_STARTS_WITH_CAPITAL_[True_True],INV_NGRAM_1_[wife],INV_KW_IND_[married],INV_LENGTHS_[3_3],""INV_NER_SEQ_[O O O O]""}","{-1.73068,-1.55347,1.45089,1.1142,0.732062,0.525749}"
APW_ENG_20070713.1325.LDC2009T13_396_0-APW_ENG_20070713.1325.LDC2009T13_396_8,APW_ENG_20070713.1325.LDC2009T13_396,Eleanor Roosevelt-Franklin D. Roosevelt,t,0.906,"{Eleanor,Roosevelt,was,the,wife,of,former,President,Franklin,D.,Roosevelt,"","",and,was,known,for,her,promotion,of,social,welfare,programs,during,the,Depression,and,of,civil,rights,.}",0,2,8,3,3,"{STARTS_WITH_CAPITAL_[True_True],NGRAM_1_[wife],KW_IND_[married],""NGRAM_2_[former President]"",""NGRAM_2_[wife of]"",NGRAM_1_[President]}","{-2.82352,1.36327,1.03371,0.93647,0.728822,-0.614742}"
118238@12_8-118238@12_17,118238@12,Teresa Heinz Kerry-John Kerry,,0.958,"{During,the,2004,presidential,campaign,"","",we,urged,Teresa,Heinz,Kerry,"","",the,wealthy,wife,of,Sen.,John,Kerry,"","",to,release,her,tax,returns,.}",8,3,17,2,2,"{STARTS_WITH_CAPITAL_[True_True],NGRAM_1_[wife],KW_IND_[married],LENGTHS_[3_2],""BETW_D_[appos DICT_married prep_of]"",""NGRAM_2_[wife of]""}","{-2.82352,1.36327,1.03371,0.977436,0.764251,0.728822}"
eng-WL-11-174643-13000356_177_4-eng-WL-11-174643-13000356_177_6,eng-WL-11-174643-13000356_177,Widmark-Susan Blanchard,,0.908,"{In,September,1999,"","",Widmark,married,Susan,Blanchard,"","",who,earlier,was,Henry,Fonda,'s,third,wife,.}",4,1,6,2,2,"{STARTS_WITH_CAPITAL_[True_True],NGRAM_1_[marry],KW_IND_[married],NER_SEQ_[O],W_NER_L_1_R_1_[O]_[O],""BETW_[nsubj marry dobj]""}","{-2.82352,1.27492,1.03371,0.428218,-0.343069,0.339688}"
APW_ENG_20080114.1133.LDC2009T13_17_26-APW_ENG_20080114.1133.LDC2009T13_17_0,APW_ENG_20080114.1133.LDC2009T13_17,Kevin Federline-Britney Spears,t,0.982,"{Britney,Spears,was,nowhere,to,be,seen,Monday,as,a,court,hearing,in,Los,Angeles,convened,in,the,pop,star,'s,child,custody,battle,with,ex-husband,Kevin,Federline,.}",26,2,0,2,2,"{IS_INVERTED,INV_STARTS_WITH_CAPITAL_[True_True],INV_NGRAM_1_[ex-husband],INV_LENGTHS_[3_2],INV_W_LEMMA_L_1_R_1_[.]_[.],INV_NGRAM_1_[custody]}","{-1.73068,-1.55347,1.42294,1.02046,0.914383,0.679681}"
APW_ENG_20071108.0476.LDC2009T13_13_0-APW_ENG_20071108.0476.LDC2009T13_13_11,APW_ENG_20071108.0476.LDC2009T13_13,Jennifer Lopez-Marc Anthony,t,0.918,"{Jennifer,Lopez,told,Miami,concertgoers,Wednesday,night,that,she,and,husband,Marc,Anthony,have,a,baby,on,the,way,.}",0,2,11,2,2,"{STARTS_WITH_CAPITAL_[True_True],NGRAM_1_[husband],KW_IND_[married],NGRAM_1_[she],LENGTHS_[2_2],""NGRAM_2_[she and]""}","{-2.82352,1.26825,1.03371,0.921399,0.718423,0.475023}"
LTW_ENG_20071014.0026.LDC2009T13_75_7-LTW_ENG_20071014.0026.LDC2009T13_75_0,LTW_ENG_20071014.0026.LDC2009T13_75,Tom Harkin-Ruth Harkin,t,0.94,"{Ruth,Harkin,"","",wife,of,Iowa,Sen.,Tom,Harkin,"","",took,the,microphone,and,roused,the,audience,"","",saying,the,``,first,woman,president,of,the,United,States,'',was,on,her,way,.}",7,2,0,2,2,"{IS_INVERTED,INV_STARTS_WITH_CAPITAL_[True_True],INV_NGRAM_1_[wife],INV_KW_IND_[married],INV_LENGTHS_[2_2],""INV_NGRAM_2_[wife of]""}","{-1.73068,-1.55347,1.45089,1.1142,0.903033,0.781621}"
AFP_ENG_20080910.0264.LDC2009T13_10_2-AFP_ENG_20080910.0264.LDC2009T13_10_7,AFP_ENG_20080910.0264.LDC2009T13_10,Nicolas Sarkozy-Carla Bruni,t,0.934,"{French,President,Nicolas,Sarkozy,and,his,wife,Carla,Bruni,will,welcome,Pope,Benedict,XVI,at,the,airport,when,he,arrives,in,France,on,Friday,for,his,first,visit,"","",the,presidency,said,.}",2,2,7,2,2,"{STARTS_WITH_CAPITAL_[True_True],NGRAM_1_[wife],KW_IND_[married],LENGTHS_[3_2],W_NER_L_1_R_1_[TITLE]_[O],""NER_SEQ_[O O O]""}","{-2.82352,1.36327,1.03371,0.977436,-0.583471,0.468502}"
AFP_ENG_20080115.0081.LDC2009T13_48_38-AFP_ENG_20080115.0081.LDC2009T13_48_44,AFP_ENG_20080115.0081.LDC2009T13_48,Lisa del Giocondo-Francesco del Giocondo,t,0.986,"{Veit,Probst,said,that,according,to,notes,by,a,Florentine,official,"","",Agostino,Vespucci,"","",in,a,book,found,in,the,library,"","",the,woman,with,the,enigmatic,smile,in,arguably,the,world,'s,most,famous,painting,was,Lisa,del,Giocondo,"","",wife,of,Francesco,del,Giocondo,.}",38,3,44,3,3,"{STARTS_WITH_CAPITAL_[True_True],NGRAM_1_[wife],KW_IND_[married],""BETW_D_[appos DICT_married prep_of]"",""NGRAM_2_[wife of]"",""BETW_[appos wife prep_of]""}","{-2.82352,1.36327,1.03371,0.764251,0.728822,0.662793}"
APW_ENG_20070104.1581.LDC2009T13_345_2-APW_ENG_20070104.1581.LDC2009T13_345_13,APW_ENG_20070104.1581.LDC2009T13_345,Bill Clinton-Hillary Rodham Clinton,t,0.954,"{Former,President,Bill,Clinton,watched,from,the,gallery,as,his,wife,"","",Sen.,Hillary,Rodham,Clinton,"","",was,sworn,in,for,a,second,term,from,New,York,.}",2,2,13,3,3,"{STARTS_WITH_CAPITAL_[True_True],NGRAM_1_[wife],LENGTHS_[2_4],KW_IND_[married],W_NER_L_1_R_1_[TITLE]_[O],""NGRAM_1_[,]""}","{-2.82352,1.36327,1.13384,1.03371,-0.583471,-0.498875}"
AFP_ENG_20080828.0452.LDC2009T13_118_9-AFP_ENG_20080828.0452.LDC2009T13_118_18,AFP_ENG_20080828.0452.LDC2009T13_118,Asif Ali Zardari-Benazir Bhutto,t,0.944,"{A,group,of,angry,lawyers,tore,down,posters,of,Asif,Ali,Zardari,"","",the,widower,of,slain,ex-premier,Benazir,Bhutto,and,a,leading,presidential,candidate,to,succeed,Musharraf,in,a,September,6,election,.}",9,3,18,2,2,"{STARTS_WITH_CAPITAL_[True_True],NGRAM_1_[widower],LENGTHS_[3_2],""NGRAM_2_[widower of]"",""NGRAM_1_[,]"",""NGRAM_2_[the widower]""}","{-2.82352,1.37889,0.977436,0.929836,-0.498875,0.488794}"
AFP_ENG_20080308.0118.LDC2009T13_458_5-AFP_ENG_20080308.0118.LDC2009T13_458_23,AFP_ENG_20080308.0118.LDC2009T13_458,Aung San Suu Kyi-Michael Aris,t,0.916,"{The,new,constitution,would,bar,Aung,San,Suu,Kyi,from,future,elections,because,of,her,marriage,to,a,foreigner,"","",the,late,Briton,Michael,Aris,.}",5,4,23,2,2,"{STARTS_WITH_CAPITAL_[True_True],LENGTHS_[3_2],NGRAM_1_[she],NGRAM_1_[marriage],""NGRAM_2_[marriage to]"",""NGRAM_1_[,]""}","{-2.82352,0.977436,0.921399,0.824706,0.668111,-0.498875}"
NYT_ENG_20070102.0281.LDC2009T13_363_29-NYT_ENG_20070102.0281.LDC2009T13_363_21,NYT_ENG_20070102.0281.LDC2009T13_363,Ronald Reagan-Nancy Reagan,t,0.93,"{The,funeral,was,attended,by,President,Bush,;,his,father,"","",former,President,Bush,;,former,presidents,Carter,and,Clinton,;,Nancy,Reagan,"","",the,widow,of,former,President,Ronald,Reagan,;,and,hundreds,of,other,world,and,national,leaders,.}",29,2,21,2,2,"{IS_INVERTED,INV_STARTS_WITH_CAPITAL_[True_True],INV_KW_IND_[married],""INV_NGRAM_2_[former President]"",INV_LENGTHS_[2_2],INV_NGRAM_1_[widow]}","{-1.73068,-1.55347,1.1142,0.905551,0.903033,0.836963}"
NYT_ENG_20080825.0168.LDC2009T13_288_14-NYT_ENG_20080825.0168.LDC2009T13_288_21,NYT_ENG_20080825.0168.LDC2009T13_288,Cindy McCain-John McCain,t,0.92,"{Biden,had,just,traveled,to,Tbilisi,to,show,solidarity,with,the,Georgians,"","",and,Cindy,McCain,"","",the,wife,of,Sen.,John,McCain,"","",the,presumptive,Republican,nominee,"","",made,an,unannounced,trip,there,on,Monday,as,part,of,a,humanitarian,mission,.}",14,2,21,2,2,"{STARTS_WITH_CAPITAL_[True_True],NGRAM_1_[wife],KW_IND_[married],""BETW_D_[appos DICT_married prep_of]"",""NGRAM_2_[wife of]"",LENGTHS_[2_2]}","{-2.82352,1.36327,1.03371,0.764251,0.728822,0.718423}"
NYT_ENG_20071014.0045.LDC2009T13_25_22-NYT_ENG_20071014.0045.LDC2009T13_25_14,NYT_ENG_20071014.0045.LDC2009T13_25,George Harrison-Pattie Boyd,t,0.954,"{At,some,point,in,the,late,1960s,"","",Eric,Clapton,fell,in,love,with,Pattie,Boyd,"","",wife,of,his,close,friend,George,Harrison,.}",22,2,14,2,2,"{IS_INVERTED,INV_STARTS_WITH_CAPITAL_[True_True],INV_NGRAM_1_[wife],INV_KW_IND_[married],INV_LENGTHS_[3_2],""INV_NGRAM_2_[wife of]""}","{-1.73068,-1.55347,1.45089,1.1142,1.02046,0.781621}"
APW_ENG_20080826.0572.LDC2009T13_127_38-APW_ENG_20080826.0572.LDC2009T13_127_29,APW_ENG_20080826.0572.LDC2009T13_127,Benazir Bhutto-Asif Ali Zardari,t,0.94,"{The,brazen,attack,came,hours,after,the,collapse,of,the,ruling,coalition,that,drove,U.S.,ally,Pervez,Musharraf,from,the,presidency,one,week,ago,"","",throwing,more,power,to,Asif,Ali,Zardari,"","",the,widower,of,assassinated,ex-leader,Benazir,Bhutto,.}",38,2,29,3,3,"{IS_INVERTED,INV_STARTS_WITH_CAPITAL_[True_True],INV_NGRAM_1_[widower],INV_LENGTHS_[2_3],""INV_NGRAM_2_[widower of]"",""INV_NGRAM_2_[the widower]""}","{-1.73068,-1.55347,1.43559,1.03189,0.971288,0.537779}"
AFP_ENG_20081016.0554.LDC2009T13_661_0-AFP_ENG_20081016.0554.LDC2009T13_661_16,AFP_ENG_20081016.0554.LDC2009T13_661,Madonna-Sean Penn.,,0.978,"{Madonna,--,her,full,name,is,Madonna,Louise,Ciccone,--,was,previously,married,to,US,actor,Sean,Penn.,.}",0,1,16,2,2,"{STARTS_WITH_CAPITAL_[True_True],NGRAM_1_[marry],KW_IND_[married],NGRAM_1_[she],W_LEMMA_L_1_R_1_[.]_[.],""NGRAM_2_[marry to]""}","{-2.82352,1.27492,1.03371,0.921399,0.908862,0.437279}"
LTW_ENG_20070814.0129.LDC2009T13_175_13-LTW_ENG_20070814.0129.LDC2009T13_175_4,LTW_ENG_20070814.0129.LDC2009T13_175,Oscar de la Renta-Annette de la Renta,t,0.946,"{The,new,guardians,became,Annette,de,la,Renta,"","",wife,of,fashion,designer,Oscar,de,la,Renta,"","",and,JP,Morgan,Chase,bank,.}",13,4,4,4,4,"{IS_INVERTED,INV_STARTS_WITH_CAPITAL_[True_True],INV_NGRAM_1_[wife],INV_KW_IND_[married],""INV_NGRAM_2_[wife of]"",""INV_BETW_D_[prep_of DICT_married appos]""}","{-1.73068,-1.55347,1.45089,1.1142,0.781621,0.762401}"
